1573068485037,-28800000,1110.0,1802.0,296.0
1573068485076,-28800000,1113.0,1825.0,291.0
1573068485076,-28800000,1114.0,1838.0,290.0
1573068485138,-28800000,1117.0,1851.0,287.0
1573068485200,-28800000,1121.0,1868.0,289.0
1573068485203,-28800000,1118.0,1880.0,283.0
1573068485265,-28800000,1129.0,1893.0,287.0
1573068485327,-28800000,1125.0,1909.0,286.0
1573068485389,-28800000,1126.0,1930.0,286.0
1573068485446,-28800000,1131.0,1940.0,288.0
1573068485446,-28800000,1130.0,1938.0,283.0
1573068485446,-28800000,1131.0,1939.0,282.0
1573068485508,-28800000,1128.0,1942.0,283.0
1573068485564,-28800000,1128.0,1943.0,283.0
1573068485564,-28800000,1128.0,1943.0,288.0
1573068485626,-28800000,1128.0,1947.0,283.0
1573068485675,-28800000,1135.0,1948.0,291.0
1573068485676,-28800000,1134.0,1956.0,286.0
1573068485738,-28800000,1132.0,1962.0,279.0
1573068485796,-28800000,1134.0,1978.0,281.0
1573068485797,-28800000,1139.0,2006.0,280.0
1573068485859,-28800000,1146.0,2031.0,274.0
1573068485917,-28800000,1149.0,2075.0,265.0
1573068485917,-28800000,1167.0,2151.0,264.0
1573068485979,-28800000,1181.0,2298.0,260.0
1573068486036,-28800000,1213.0,2419.0,259.0
1573068486036,-28800000,1262.0,2514.0,265.0
1573068486098,-28800000,1312.0,2483.0,272.0
1573068486157,-28800000,1365.0,2500.0,274.0
1573068486157,-28800000,1429.0,2579.0,283.0
1573068486219,-28800000,1496.0,2655.0,299.0
1573068486277,-28800000,1539.0,2620.0,306.0
1573068486277,-28800000,1556.0,2513.0,303.0
1573068486339,-28800000,1574.0,2432.0,318.0
1573068486397,-28800000,1601.0,2418.0,308.0
1573068486397,-28800000,1615.0,2381.0,316.0
1573068486459,-28800000,1619.0,2299.0,314.0
1573068486516,-28800000,1650.0,2259.0,318.0
1573068486516,-28800000,1720.0,2246.0,332.0
1573068486578,-28800000,1784.0,2239.0,354.0
1573068486638,-28800000,1823.0,2233.0,359.0
1573068486638,-28800000,1827.0,2230.0,361.0
1573068486700,-28800000,1824.0,2236.0,358.0
1573068486757,-28800000,1824.0,2236.0,358.0
1573068486757,-28800000,1827.0,2235.0,358.0
1573068486819,-28800000,1844.0,2242.0,355.0
1573068486878,-28800000,1863.0,2244.0,366.0
1573068486878,-28800000,1888.0,2242.0,367.0
1573068486940,-28800000,1893.0,2242.0,371.0
1573068486997,-28800000,1895.0,2237.0,366.0
1573068486997,-28800000,1895.0,2243.0,377.0
1573068487059,-28800000,1902.0,2247.0,370.0
1573068487117,-28800000,1900.0,2244.0,374.0
1573068487117,-28800000,1906.0,2242.0,377.0
1573068487179,-28800000,1911.0,2252.0,375.0
1573068487238,-28800000,1923.0,2244.0,376.0
1573068487238,-28800000,1922.0,2243.0,376.0
1573068487300,-28800000,1938.0,2250.0,385.0
1573068487360,-28800000,1944.0,2247.0,377.0
1573068487360,-28800000,1944.0,2249.0,389.0
1573077811699,-28800000,52908.0,54684.0,4329.0
1573077811699,-28800000,52847.0,54622.0,4320.0
1573077811743,-28800000,52779.0,54525.0,4310.0
1573077811788,-28800000,52732.0,54470.0,4299.0
1573077811836,-28800000,52728.0,54470.0,4302.0
1573077811878,-28800000,52794.0,54535.0,4310.0
1573077811923,-28800000,52754.0,54493.0,4307.0
1573077811968,-28800000,52677.0,54435.0,4301.0
1573077812013,-28800000,52595.0,54368.0,4293.0
1573077812058,-28800000,52587.0,54363.0,4297.0
1573077812058,-28800000,52587.0,54363.0,4297.0
1573077812103,-28800000,52597.0,54401.0,4298.0
1573077812148,-28800000,52529.0,54308.0,4284.0
1573077812193,-28800000,52445.0,54214.0,4281.0
1573077812239,-28800000,52388.0,54134.0,4273.0
1573077812284,-28800000,52598.0,54360.0,4294.0
1573077812332,-28800000,53152.0,54921.0,4340.0
1573077812373,-28800000,53211.0,54968.0,4348.0
1573077812418,-28800000,53178.0,54929.0,4346.0
1573077812418,-28800000,52837.0,54568.0,4312.0
1573077812465,-28800000,53041.0,54810.0,4336.0
1573077812510,-28800000,53067.0,54838.0,4340.0
1573077812553,-28800000,52755.0,54550.0,4311.0
1573077812615,-28800000,52559.0,54410.0,4293.0
1573077812645,-28800000,52525.0,54334.0,4292.0
1573077812690,-28800000,52071.0,53897.0,4246.0
1573077812733,-28800000,51684.0,53476.0,4205.0
1573077812777,-28800000,50871.0,52673.0,4122.0
1573077812778,-28800000,50234.0,52037.0,4063.0
1573077812824,-28800000,49998.0,51789.0,4040.0
1573077812869,-28800000,49696.0,51417.0,4002.0
1573077812914,-28800000,49363.0,50974.0,3957.0
1573077812959,-28800000,51338.0,52933.0,4159.0
1573077813003,-28800000,57772.0,59764.0,4849.0
1573077813050,-28800000,67038.0,68928.0,5815.0
1573077813097,-28800000,76278.0,77958.0,6899.0
1573077813138,-28800000,94966.0,96777.0,8882.0
1573077813139,-28800000,108946.0,112398.0,10562.0
1573077813183,-28800000,123485.0,128256.0,12222.0
1573077813230,-28800000,128445.0,133769.0,12822.0
1573077813278,-28800000,131761.0,137914.0,13300.0
1573077813323,-28800000,138610.0,145546.0,14120.0
1573077813363,-28800000,143260.0,150704.0,14661.0
1573077813408,-28800000,146542.0,154997.0,15063.0
1573077813469,-28800000,150682.0,160992.0,15600.0
1573077813516,-28800000,154592.0,165802.0,16031.0
1573077813516,-28800000,157840.0,170017.0,16422.0
1573077813544,-28800000,161412.0,174435.0,16827.0
1573077813588,-28800000,164114.0,177963.0,17155.0
1573077813635,-28800000,165456.0,179734.0,17308.0
1573077813693,-28800000,167617.0,182287.0,17550.0
1573077813724,-28800000,169814.0,184959.0,17789.0
1573077813768,-28800000,171585.0,187108.0,17994.0
1573077813813,-28800000,173643.0,189635.0,18224.0
1573077813859,-28800000,174555.0,190725.0,18314.0
1573077813859,-28800000,174731.0,191074.0,18353.0
1573077813904,-28800000,175387.0,191969.0,18426.0
1573077813949,-28800000,176340.0,193164.0,18534.0
1573077813993,-28800000,176614.0,193501.0,18571.0
1573077814040,-28800000,176887.0,193853.0,18605.0
1573077814085,-28800000,177824.0,194986.0,18697.0
1573077814129,-28800000,178268.0,195547.0,18722.0
1573077814173,-28800000,179030.0,196479.0,18801.0
1573077814220,-28800000,179706.0,197231.0,18871.0
1573077814220,-28800000,180039.0,197641.0,18902.0
1573077814267,-28800000,180309.0,198084.0,18936.0
1573077814319,-28800000,180613.0,198482.0,18972.0
1573077814354,-28800000,181069.0,199007.0,19014.0
1573077814398,-28800000,181304.0,199231.0,19043.0
1573077814446,-28800000,183126.0,201374.0,19269.0
1573077814501,-28800000,185226.0,203859.0,19543.0
1573077814534,-28800000,194327.0,215955.0,20521.0
1573077814578,-28800000,192910.0,210356.0,19683.0
1573077814578,-28800000,179606.0,184931.0,17272.0
1573077814625,-28800000,169258.0,166111.0,15395.0
1573077814672,-28800000,183372.0,182905.0,17972.0
1573077814717,-28800000,190872.0,191762.0,19546.0
1573077814759,-28800000,195041.0,196799.0,20217.0
1573077814803,-28800000,195462.0,197257.0,20333.0
1573077814854,-28800000,195643.0,198129.0,20545.0
1573077814894,-28800000,199276.0,202919.0,20991.0
1573077814939,-28800000,201818.0,205783.0,21232.0
1573077814939,-28800000,199992.0,203613.0,21072.0
1573077814983,-28800000,197581.0,201041.0,20858.0
1573077815030,-28800000,195102.0,198329.0,20622.0
1573077815079,-28800000,194364.0,197606.0,20532.0
1573077815119,-28800000,193630.0,196802.0,20430.0
1573077815163,-28800000,192620.0,195749.0,20311.0
1573077815209,-28800000,192377.0,195606.0,20296.0
1573077815258,-28800000,193182.0,196681.0,20400.0
1573077815303,-28800000,192295.0,196027.0,20364.0
1573077815303,-28800000,187048.0,191535.0,19820.0
1573077815344,-28800000,182556.0,187757.0,19290.0
1573077815388,-28800000,182299.0,188861.0,19383.0
1573077815435,-28800000,182166.0,190298.0,19531.0
1573077815479,-28800000,178056.0,186729.0,19150.0
1573077815524,-28800000,171100.0,180357.0,18451.0
1573077815586,-28800000,166286.0,175869.0,17911.0
1573077815615,-28800000,161852.0,171633.0,17410.0
1573077815666,-28800000,158565.0,168418.0,17010.0
1573077815667,-28800000,155689.0,165741.0,16676.0
1573077815712,-28800000,156915.0,167021.0,16800.0
1573077815748,-28800000,159078.0,169223.0,17016.0
1573077815793,-28800000,160403.0,170590.0,17160.0
1573077815841,-28800000,161614.0,171795.0,17298.0
1573077815903,-28800000,163643.0,173657.0,17504.0
1573077815945,-28800000,165832.0,175534.0,17688.0
1573077815973,-28800000,167146.0,176291.0,17657.0
1573077816018,-28800000,167300.0,175447.0,17508.0
1573077816019,-28800000,165454.0,172071.0,17146.0
1573077816066,-28800000,165533.0,171556.0,17157.0
1573077816111,-28800000,165941.0,171904.0,17188.0
1573077816153,-28800000,165700.0,171666.0,17195.0
1573077816198,-28800000,166156.0,172121.0,17275.0
1573077816246,-28800000,166137.0,172188.0,17310.0
1573077816308,-28800000,165644.0,171789.0,17287.0
1573077816334,-28800000,165473.0,171595.0,17270.0
1573077816379,-28800000,164987.0,171004.0,17217.0
1573077816379,-28800000,164157.0,170016.0,17113.0
1573077816424,-28800000,163321.0,169114.0,17006.0
1573077816475,-28800000,162963.0,168793.0,16966.0
1573077816513,-28800000,163230.0,169091.0,16994.0
1573077816575,-28800000,163315.0,169222.0,17004.0
1573077816637,-28800000,163471.0,169431.0,17027.0
1573077816699,-28800000,163520.0,169483.0,17041.0
1573077816711,-28800000,163350.0,169302.0,17027.0
1573077816711,-28800000,163221.0,169133.0,17010.0
1573077816773,-28800000,162704.0,168579.0,16949.0
1573077816831,-28800000,162582.0,168460.0,16936.0
1573077816831,-28800000,162482.0,168313.0,16922.0
1573077816893,-28800000,162482.0,168301.0,16912.0
1573077816949,-28800000,162608.0,168381.0,16904.0
1573077816949,-28800000,162288.0,168014.0,16845.0
1573077817011,-28800000,162029.0,167732.0,16801.0
1573077817070,-28800000,162014.0,167702.0,16787.0
1573077817070,-28800000,162380.0,168053.0,16827.0
1573077817132,-28800000,162566.0,168202.0,16845.0
1573077817188,-28800000,162628.0,168231.0,16840.0
1573077817189,-28800000,162643.0,168224.0,16841.0
1573077817251,-28800000,162537.0,168097.0,16821.0
1573077817313,-28800000,162367.0,167912.0,16792.0
1573077817375,-28800000,162223.0,167757.0,16769.0
1573077817437,-28800000,162011.0,167535.0,16735.0
1573077817447,-28800000,161696.0,167190.0,16701.0
1573077817447,-28800000,161577.0,167060.0,16690.0
1573077817509,-28800000,161671.0,167140.0,16700.0
1573077817549,-28800000,161701.0,167155.0,16700.0
1573077817549,-28800000,161635.0,167103.0,16697.0
1573077817611,-28800000,161630.0,167085.0,16697.0
1573077817673,-28800000,161616.0,167073.0,16689.0
1573077817686,-28800000,161471.0,166899.0,16677.0
1573077817748,-28800000,161392.0,166836.0,16665.0
1573077817789,-28800000,161280.0,166696.0,16646.0
1573077817789,-28800000,161236.0,166564.0,16637.0
1573077817851,-28800000,161196.0,166414.0,16621.0
1573077817913,-28800000,161351.0,166514.0,16612.0
1573077817917,-28800000,161578.0,166694.0,16617.0
1573077817979,-28800000,161843.0,166902.0,16632.0
1573077818041,-28800000,161843.0,166902.0,16632.0
1573077818103,-28800000,162108.0,167112.0,16656.0
1573077818162,-28800000,162591.0,167540.0,16701.0
1573077818162,-28800000,163053.0,167935.0,16746.0
1573077818162,-28800000,163505.0,168335.0,16787.0
1573077818224,-28800000,163653.0,168447.0,16798.0
1573077818280,-28800000,163604.0,168367.0,16777.0
1573077818280,-28800000,163202.0,167970.0,16733.0
1573077818342,-28800000,163103.0,167866.0,16723.0
1573077818404,-28800000,163336.0,168094.0,16750.0
1573077818466,-28800000,163556.0,168310.0,16772.0
1573077818528,-28800000,163673.0,168409.0,16792.0
1573077818590,-28800000,163650.0,168370.0,16793.0
1573077818633,-28800000,163658.0,168347.0,16796.0
1573077818633,-28800000,163339.0,168009.0,16757.0
1573077818633,-28800000,163109.0,167749.0,16732.0
1573077818748,-28800000,162721.0,167298.0,16691.0
1573077818748,-28800000,162545.0,167095.0,16669.0
1573077818748,-28800000,162128.0,166667.0,16622.0
1573077818810,-28800000,161786.0,166292.0,16581.0
1573077818870,-28800000,161556.0,165969.0,16548.0
1573077818870,-28800000,161334.0,165670.0,16504.0
1573077818932,-28800000,161125.0,165438.0,16475.0
1573077818989,-28800000,160994.0,165312.0,16444.0
1573077818989,-28800000,160944.0,165248.0,16438.0
1573077819051,-28800000,160892.0,165196.0,16424.0
1573077819110,-28800000,160799.0,165081.0,16402.0
1573077819110,-28800000,160677.0,164936.0,16389.0
1573077819172,-28800000,160699.0,164951.0,16381.0
1573077819229,-28800000,160771.0,165018.0,16376.0
1573077819229,-28800000,160853.0,165110.0,16389.0
1573077819291,-28800000,160852.0,165109.0,16385.0
1573077819349,-28800000,160761.0,165020.0,16374.0
1573077819350,-28800000,160463.0,164729.0,16343.0
1573077819412,-28800000,160439.0,164717.0,16345.0
1573077819474,-28800000,160596.0,164887.0,16361.0
1573077819536,-28800000,160767.0,165064.0,16384.0
1573077819598,-28800000,160810.0,165119.0,16386.0
1573077819601,-28800000,160733.0,165055.0,16377.0
1573077819602,-28800000,160475.0,164815.0,16355.0
1573077819664,-28800000,160451.0,164805.0,16353.0
1573077819709,-28800000,160457.0,164829.0,16355.0
1573077819710,-28800000,160484.0,164850.0,16364.0
1573077819772,-28800000,160501.0,164795.0,16360.0
1573077819830,-28800000,160282.0,164513.0,16325.0
1573077819831,-28800000,160026.0,164241.0,16285.0
1573077819893,-28800000,159997.0,164204.0,16265.0
1573077819952,-28800000,159781.0,163997.0,16240.0
1573077819952,-28800000,159473.0,163761.0,16196.0
1573077820014,-28800000,159131.0,163436.0,16155.0
1573077820070,-28800000,158676.0,162984.0,16104.0
1573077820071,-28800000,158174.0,162468.0,16044.0
1573077820133,-28800000,157754.0,162060.0,15999.0
1573077820190,-28800000,157554.0,161862.0,15980.0
1573077820191,-28800000,157597.0,161913.0,15983.0
1573077820253,-28800000,157528.0,161849.0,15983.0
1573077820311,-28800000,157539.0,161863.0,15984.0
1573077820311,-28800000,157485.0,161828.0,15979.0
1573077820373,-28800000,157342.0,161681.0,15964.0
1573077820431,-28800000,157275.0,161630.0,15964.0
1573077820431,-28800000,157206.0,161572.0,15953.0
1573077820493,-28800000,157177.0,161546.0,15956.0
1573077820551,-28800000,157164.0,161547.0,15956.0
1573077820551,-28800000,157121.0,161507.0,15956.0
1573077820613,-28800000,157087.0,161485.0,15958.0
1573077820670,-28800000,157081.0,161496.0,15958.0
1573077820670,-28800000,157110.0,161513.0,15967.0
1573077828395,-28800000,100341.0,104669.0,9255.0
1573077828441,-28800000,102980.0,107631.0,9561.0
1573077828484,-28800000,105031.0,109975.0,9792.0
1573077828529,-28800000,105866.0,111206.0,9926.0
1573077828574,-28800000,107805.0,113314.0,10137.0
1573077828618,-28800000,106695.0,112759.0,10058.0
1573077828664,-28800000,103970.0,110935.0,9846.0
1573077828664,-28800000,103711.0,111541.0,9911.0
1573077828709,-28800000,105325.0,113694.0,10114.0
1573077828754,-28800000,104385.0,113442.0,10064.0
1573077828798,-28800000,93398.0,103107.0,8959.0
1573077828844,-28800000,77265.0,87133.0,7308.0
1573077828890,-28800000,56446.0,65494.0,5216.0
1573077828934,-28800000,49477.0,58808.0,4620.0
1573077828979,-28800000,47399.0,56618.0,4428.0
1573077829023,-28800000,47440.0,56844.0,4450.0
1573077829023,-28800000,47784.0,57309.0,4498.0
1573077829070,-28800000,47444.0,56998.0,4475.0
1573077829114,-28800000,47181.0,56765.0,4461.0
1573077829159,-28800000,46927.0,56526.0,4445.0
1573077829203,-28800000,47149.0,56799.0,4463.0
1573077829249,-28800000,47203.0,56883.0,4474.0
1573077829294,-28800000,46761.0,56403.0,4431.0
1573077829339,-28800000,46241.0,55818.0,4375.0
1573077829383,-28800000,46039.0,55607.0,4359.0
1573077829384,-28800000,46324.0,55909.0,4378.0
1573077829428,-28800000,46973.0,56613.0,4441.0
1573077829474,-28800000,51113.0,60994.0,4824.0
1573077829519,-28800000,67202.0,77383.0,6394.0
1573077829563,-28800000,83619.0,92360.0,7916.0
1573077829608,-28800000,97287.0,104622.0,9398.0
1573077829655,-28800000,131640.0,136681.0,12969.0
1573077829699,-28800000,131640.0,136681.0,12969.0
1573077829743,-28800000,142228.0,147257.0,13963.0
1573077829743,-28800000,128686.0,125512.0,12395.0
1573077829789,-28800000,96974.0,92745.0,8947.0
1573077829835,-28800000,77731.0,75486.0,6910.0
1573077829879,-28800000,69886.0,67769.0,6100.0
1573077829924,-28800000,61040.0,59546.0,5213.0
1573077829968,-28800000,53125.0,52850.0,4511.0
1573077830013,-28800000,50342.0,50703.0,4282.0
1573077830059,-28800000,49092.0,49819.0,4173.0
1573077830104,-28800000,48588.0,49395.0,4119.0
1573077830104,-28800000,48597.0,49331.0,4116.0
1573077830148,-28800000,49234.0,49733.0,4156.0
1573077830193,-28800000,49950.0,50214.0,4199.0
1573077830239,-28800000,50452.0,50616.0,4242.0
1573077830284,-28800000,51052.0,51134.0,4296.0
1573077830329,-28800000,51797.0,51769.0,4366.0
1573077830373,-28800000,53177.0,53026.0,4501.0
1573077830418,-28800000,56810.0,56406.0,4855.0
1573077830464,-28800000,65319.0,64438.0,5713.0
1573077830464,-28800000,76688.0,76304.0,6970.0
1573077830509,-28800000,79761.0,82379.0,7562.0
1573077830554,-28800000,76921.0,82806.0,7580.0
1573077830598,-28800000,73006.0,80797.0,7347.0
1573077830644,-28800000,65861.0,75031.0,6761.0
1573077830689,-28800000,56756.0,66922.0,5940.0
1573077830733,-28800000,48837.0,59651.0,5163.0
1573077830778,-28800000,42376.0,53118.0,4508.0
1573077830824,-28800000,40313.0,51237.0,4320.0
1573077830824,-28800000,40005.0,51038.0,4283.0
1573077830869,-28800000,40380.0,51534.0,4312.0
1573077830914,-28800000,40476.0,51501.0,4300.0
1573077830958,-28800000,39353.0,50224.0,4183.0
1573077831003,-28800000,39196.0,50114.0,4167.0
1573077831049,-28800000,39325.0,50235.0,4165.0
1573077831095,-28800000,39332.0,50241.0,4171.0
1573077831140,-28800000,39424.0,50361.0,4173.0
1573077831202,-28800000,39425.0,50393.0,4174.0
1573077831229,-28800000,39558.0,50636.0,4193.0
1573077831229,-28800000,39484.0,50609.0,4193.0
1573077831273,-28800000,39788.0,51026.0,4233.0
1573077831320,-28800000,41528.0,53203.0,4449.0
1573077831363,-28800000,42213.0,53782.0,4568.0
1573077831408,-28800000,50284.0,62315.0,5332.0
1573077831453,-28800000,62451.0,74428.0,6256.0
1573077831497,-28800000,68494.0,80678.0,6629.0
1573077831542,-28800000,67428.0,79740.0,6414.0
1573077831543,-28800000,64421.0,75500.0,6057.0
1573077831587,-28800000,62738.0,70709.0,5813.0
1573077831633,-28800000,63546.0,70308.0,5882.0
1573077831679,-28800000,68746.0,76137.0,6486.0
1573077831723,-28800000,82363.0,90777.0,8047.0
1573077831768,-28800000,100993.0,111011.0,10279.0
1573077831813,-28800000,118250.0,129081.0,12342.0
1573077831859,-28800000,126778.0,137688.0,13347.0
1573077831903,-28800000,129663.0,140555.0,13712.0
1573077831903,-28800000,133713.0,145141.0,14262.0
1573077831949,-28800000,139112.0,150688.0,14923.0
1573077831993,-28800000,143195.0,155007.0,15424.0
1573077832040,-28800000,145196.0,156977.0,15656.0
1573077832083,-28800000,143550.0,154927.0,15462.0
1573077832129,-28800000,142489.0,153793.0,15342.0
1573077832174,-28800000,141791.0,153233.0,15273.0
1573077832236,-28800000,141886.0,153628.0,15306.0
1573077832264,-28800000,141970.0,153921.0,15321.0
1573077832264,-28800000,141059.0,153044.0,15194.0
1573077832309,-28800000,139518.0,151536.0,15003.0
1573077832353,-28800000,139049.0,151111.0,14946.0
1573077832397,-28800000,139126.0,151212.0,14956.0
1573077832442,-28800000,138887.0,150906.0,14917.0
1573077832488,-28800000,137620.0,149490.0,14748.0
1573077832533,-28800000,135409.0,147104.0,14478.0
1573077832578,-28800000,132597.0,144072.0,14125.0
1573077832623,-28800000,130550.0,141833.0,13872.0
1573077832623,-28800000,129138.0,140261.0,13691.0
1573077832668,-28800000,126134.0,136925.0,13297.0
1573077832713,-28800000,121815.0,132268.0,12769.0
1573077832758,-28800000,120313.0,130959.0,12600.0
1573077832803,-28800000,122059.0,132664.0,12811.0
1573077832848,-28800000,124998.0,135549.0,13175.0
1573077832894,-28800000,128669.0,138811.0,13626.0
1573077832938,-28800000,123922.0,131778.0,13059.0
1573077832983,-28800000,104763.0,110152.0,10971.0
1573077832984,-28800000,86137.0,91174.0,8868.0
1573077833028,-28800000,79002.0,84066.0,8071.0
1573077833073,-28800000,74320.0,79384.0,7458.0
1573077833118,-28800000,60522.0,65084.0,5717.0
1573077833164,-28800000,43344.0,48163.0,3801.0
1573077833208,-28800000,34230.0,40055.0,2934.0
1573077833253,-28800000,31021.0,37650.0,2659.0
1573077833298,-28800000,29964.0,37440.0,2601.0
1573077833343,-28800000,30667.0,38559.0,2683.0
1573077833343,-28800000,31810.0,39914.0,2792.0
1573077833388,-28800000,33100.0,41292.0,2917.0
1573077833433,-28800000,34172.0,42368.0,3013.0
1573077833478,-28800000,34914.0,43088.0,3080.0
1573077833523,-28800000,35486.0,43598.0,3130.0
1573077833585,-28800000,36278.0,44185.0,3199.0
1573077833647,-28800000,37037.0,44707.0,3263.0
1573077833709,-28800000,37671.0,45230.0,3321.0
1573077833750,-28800000,38452.0,45876.0,3391.0
1573077833750,-28800000,38988.0,46091.0,3427.0
1573077833750,-28800000,39460.0,46102.0,3459.0
1573077833812,-28800000,40781.0,46941.0,3583.0
1573077833870,-28800000,43244.0,48978.0,3825.0
1573077833870,-28800000,45812.0,51283.0,4091.0
1573077833932,-28800000,47604.0,52904.0,4273.0
1573077833988,-28800000,48709.0,53935.0,4399.0
1573077833988,-28800000,48839.0,54267.0,4443.0
1573077834050,-28800000,49130.0,54715.0,4479.0
1573077834110,-28800000,48417.0,54027.0,4391.0
1573077834110,-28800000,47163.0,53032.0,4271.0
1573077834172,-28800000,45517.0,51722.0,4134.0
1573077834230,-28800000,43675.0,50247.0,3955.0
1573077834230,-28800000,40976.0,47909.0,3702.0
1573077834292,-28800000,38950.0,46217.0,3505.0
1573077834350,-28800000,37591.0,44927.0,3381.0
1573077834350,-28800000,36675.0,44099.0,3309.0
1573077834412,-28800000,36461.0,43934.0,3277.0
1573077834469,-28800000,36221.0,43685.0,3258.0
1573077834469,-28800000,36102.0,43582.0,3242.0
1573077834531,-28800000,36655.0,44223.0,3304.0
1573077834590,-28800000,38170.0,45973.0,3476.0
1573077834590,-28800000,40488.0,48493.0,3721.0
1573077834652,-28800000,41788.0,49827.0,3874.0
1573077834712,-28800000,42166.0,50101.0,3915.0
1573077834712,-28800000,41425.0,49143.0,3829.0
1573077834774,-28800000,40243.0,48244.0,3720.0
1573077834831,-28800000,42868.0,52154.0,3998.0
1573077834831,-28800000,43748.0,53806.0,4047.0
1573077834893,-28800000,41288.0,50897.0,3757.0
1573077834952,-28800000,36442.0,45106.0,3327.0
1573077834952,-28800000,32040.0,40491.0,2940.0
1573077835014,-28800000,29379.0,37978.0,2685.0
1573077835070,-28800000,26382.0,35025.0,2459.0
1573077835072,-28800000,24272.0,33251.0,2366.0
1573077835134,-28800000,24312.0,33475.0,2406.0
1573077835191,-28800000,24256.0,33321.0,2431.0
1573077835191,-28800000,23769.0,32775.0,2434.0
1573077835253,-28800000,23828.0,32760.0,2452.0
1573077835311,-28800000,24128.0,32945.0,2490.0
1573077835311,-28800000,24413.0,33139.0,2526.0
1573077835373,-28800000,24636.0,33313.0,2547.0
1573077835429,-28800000,24715.0,33348.0,2551.0
1573077835430,-28800000,24742.0,33308.0,2547.0
1573077835492,-28800000,24766.0,33243.0,2538.0
1573077835551,-28800000,24766.0,33243.0,2538.0
1573077835552,-28800000,24914.0,33377.0,2544.0
1573077835614,-28800000,24953.0,33382.0,2545.0
1573077835675,-28800000,25184.0,33653.0,2563.0
1573077835675,-28800000,25563.0,34090.0,2594.0
1573077835737,-28800000,25725.0,34286.0,2600.0
1573077835791,-28800000,25881.0,34503.0,2588.0
1573077835791,-28800000,25794.0,34354.0,2534.0
1573077835853,-28800000,25207.0,33525.0,2415.0
1573077835912,-28800000,25345.0,33207.0,2364.0
1573077835912,-28800000,28653.0,35695.0,2591.0
1573077835974,-28800000,34283.0,41265.0,3067.0
1573077836036,-28800000,36465.0,44032.0,3305.0
1573077836040,-28800000,36767.0,44749.0,3363.0
1573077836102,-28800000,36859.0,45074.0,3391.0
1573077836157,-28800000,36718.0,45016.0,3382.0
1573077836219,-28800000,36856.0,45212.0,3397.0
1573077836276,-28800000,38394.0,46959.0,3545.0
1573077836276,-28800000,40259.0,48735.0,3685.0
1573077836276,-28800000,40576.0,48614.0,3663.0
1573077836338,-28800000,39745.0,47731.0,3578.0
1573077836396,-28800000,39740.0,47414.0,3610.0
1573077836396,-28800000,36612.0,42709.0,3530.0
1573077836458,-28800000,31456.0,36799.0,3150.0
1573077836514,-28800000,28267.0,33979.0,2832.0
1573077836514,-28800000,25359.0,32264.0,2602.0
1573077836576,-28800000,23934.0,31657.0,2508.0
1573077836632,-28800000,23028.0,31091.0,2434.0
1573077836632,-28800000,22885.0,31039.0,2420.0
1573077836694,-28800000,23100.0,31281.0,2434.0
1573077836756,-28800000,23257.0,31504.0,2438.0
1573077836766,-28800000,23494.0,31754.0,2446.0
1573077836828,-28800000,24736.0,32850.0,2520.0
1573077836890,-28800000,27821.0,35175.0,2743.0
1573077836952,-28800000,31030.0,37453.0,2978.0
1573077837002,-28800000,35087.0,40626.0,3293.0
1573077837002,-28800000,39047.0,44155.0,3641.0
1573077837002,-28800000,42763.0,47850.0,3986.0
1573077837064,-28800000,46391.0,51473.0,4330.0
1573077837126,-28800000,50144.0,55748.0,4734.0
1573077837131,-28800000,54427.0,60672.0,5182.0
1573077837193,-28800000,56424.0,63100.0,5368.0
1573077837243,-28800000,55922.0,62704.0,5271.0
1573077837246,-28800000,57261.0,64272.0,5389.0
1573077837308,-28800000,58294.0,65384.0,5463.0
1573077837366,-28800000,59153.0,66224.0,5519.0
1573077837370,-28800000,58898.0,65704.0,5462.0
1573077837432,-28800000,55760.0,61579.0,5158.0
1573077837474,-28800000,48763.0,52914.0,4547.0
1573077837474,-28800000,42146.0,46080.0,4013.0
1573077837536,-28800000,37558.0,42983.0,3726.0
1573077837598,-28800000,34574.0,41838.0,3570.0
1573077837613,-28800000,32988.0,41329.0,3546.0
1573077837675,-28800000,32038.0,41383.0,3617.0
1573077837731,-28800000,32508.0,43130.0,3833.0
1573077837732,-28800000,34940.0,47436.0,4272.0
1573077837794,-28800000,38833.0,52976.0,4773.0
1573077837831,-28800000,43878.0,59529.0,5307.0
1573077837831,-28800000,48062.0,64721.0,5718.0
1573077837893,-28800000,50331.0,67499.0,5942.0
1573077837950,-28800000,50463.0,67651.0,5942.0
1573077837950,-28800000,49934.0,67033.0,5886.0
1573077838012,-28800000,48008.0,64740.0,5688.0
1573077838071,-28800000,42667.0,58179.0,5063.0
1573077838072,-28800000,41277.0,56396.0,4808.0
1573077838134,-28800000,39938.0,53500.0,4346.0
1573077838196,-28800000,40105.0,50711.0,4119.0
1573077838211,-28800000,39980.0,48318.0,4022.0
1573077838273,-28800000,42277.0,49663.0,4225.0
1573077838326,-28800000,45369.0,52338.0,4509.0
1573077838326,-28800000,46413.0,53348.0,4608.0
1573077838388,-28800000,46922.0,53708.0,4654.0
1573077838447,-28800000,47058.0,53652.0,4648.0
1573077838447,-28800000,46764.0,53290.0,4607.0
1573077838509,-28800000,45979.0,52338.0,4507.0
1573077838571,-28800000,45790.0,51740.0,4453.0
1573077838571,-28800000,46061.0,51393.0,4440.0
1573077838633,-28800000,45832.0,50421.0,4372.0
1573077838687,-28800000,44984.0,48704.0,4254.0
1573077838687,-28800000,44879.0,47233.0,4165.0
1573077838749,-28800000,45460.0,46651.0,4156.0
1573077838791,-28800000,45683.0,46060.0,4149.0
1573077838791,-28800000,44994.0,44209.0,4056.0
1573077838853,-28800000,43543.0,41669.0,3932.0
1573077838915,-28800000,38930.0,36660.0,3574.0
1573077838915,-28800000,36433.0,33771.0,3365.0
1573077838977,-28800000,33504.0,30459.0,3101.0
1573077839038,-28800000,31749.0,27975.0,2926.0
1573077839039,-28800000,29234.0,25731.0,2671.0
1573077839101,-28800000,28466.0,25151.0,2581.0
1573077839163,-28800000,34006.0,30704.0,3141.0
1573077839172,-28800000,42404.0,38789.0,3941.0
1573077839234,-28800000,48847.0,45335.0,4581.0
1573077839288,-28800000,50632.0,47376.0,4711.0
1573077839288,-28800000,50057.0,46793.0,4665.0
1573077839350,-28800000,49147.0,46124.0,4521.0
1573077839412,-28800000,41407.0,40412.0,3696.0
1573077839412,-28800000,35355.0,36561.0,3255.0
1573077839474,-28800000,35252.0,37976.0,3417.0
1573077839528,-28800000,36220.0,41836.0,3705.0
1573077839530,-28800000,37049.0,45123.0,3957.0
1573077839592,-28800000,36779.0,45074.0,4008.0
1573077839633,-28800000,36205.0,44667.0,3971.0
1573077839633,-28800000,36181.0,44969.0,3965.0
1573077839695,-28800000,37063.0,46274.0,4040.0
1573077839748,-28800000,37640.0,46958.0,4081.0
1573077839749,-28800000,38402.0,47864.0,4137.0
1573077839811,-28800000,39093.0,48637.0,4189.0
1573077839868,-28800000,38636.0,48216.0,4144.0
1573077839868,-28800000,38227.0,48056.0,4114.0
1573077839930,-28800000,38234.0,48711.0,4146.0
1573077839988,-28800000,38222.0,49207.0,4186.0
1573077839988,-28800000,38356.0,49619.0,4216.0
1573077840050,-28800000,38685.0,49973.0,4235.0
1573077840108,-28800000,39107.0,50458.0,4245.0
1573077840109,-28800000,39561.0,50780.0,4238.0
1573077840171,-28800000,41059.0,52240.0,4311.0
1573077840229,-28800000,42985.0,54228.0,4439.0
1573077840229,-28800000,43610.0,54834.0,4472.0
1573077840291,-28800000,43290.0,54782.0,4470.0
1573077840353,-28800000,44480.0,57094.0,4680.0
1573077840415,-28800000,50634.0,66598.0,5663.0
1573077840477,-28800000,76179.0,96451.0,9129.0
1573077840479,-28800000,126024.0,140382.0,14025.0
1573077840479,-28800000,161967.0,179108.0,15291.0
1573077840541,-28800000,172050.0,194359.0,13890.0
1573077840603,-28800000,176143.0,202425.0,12509.0
1573077840665,-28800000,177314.0,206603.0,11989.0
1573077840727,-28800000,179392.0,209729.0,11668.0
1573077840789,-28800000,182593.0,215386.0,11889.0
1573077840829,-28800000,185373.0,223707.0,12795.0
1573077840830,-28800000,186916.0,228376.0,13735.0
1573077840831,-28800000,188830.0,231534.0,14782.0
1573077840948,-28800000,193399.0,239147.0,17343.0
1573077840948,-28800000,194791.0,241366.0,17930.0
1573077840948,-28800000,194742.0,241414.0,18009.0
1573077841010,-28800000,194300.0,240682.0,17890.0
1573077841069,-28800000,193862.0,239914.0,17724.0
1573077841069,-28800000,193540.0,239328.0,17578.0
1573077856397,-28800000,25298.0,24073.0,2041.0
1573077856431,-28800000,25760.0,20901.0,1802.0
1573077856431,-28800000,26537.0,20217.0,1762.0
1573077856474,-28800000,20669.0,14928.0,1381.0
1573077856520,-28800000,13173.0,8884.0,950.0
1573077856565,-28800000,6831.0,4301.0,611.0
1573077856610,-28800000,3033.0,1851.0,410.0
1573077856655,-28800000,1689.0,1154.0,336.0
1573077856699,-28800000,1408.0,1054.0,326.0
1573077856761,-28800000,1307.0,1042.0,322.0
1573077856791,-28800000,1279.0,1052.0,334.0
1573077856791,-28800000,1261.0,1042.0,331.0
1573077856834,-28800000,1270.0,1039.0,328.0
1573077856879,-28800000,1277.0,1035.0,327.0
1573077856924,-28800000,1302.0,1028.0,326.0
1573077856970,-28800000,1422.0,1053.0,327.0
1573077857015,-28800000,2236.0,1495.0,382.0
1573077857059,-28800000,4733.0,3482.0,590.0
1573077857105,-28800000,12147.0,9756.0,1264.0
1573077857150,-28800000,40679.0,35856.0,3941.0
1573077857150,-28800000,88370.0,83555.0,9185.0
1573077857194,-28800000,115856.0,115754.0,13509.0
1573077857248,-28800000,119636.0,123241.0,15411.0
1573077857284,-28800000,120279.0,120958.0,15620.0
1573077857329,-28800000,132560.0,123888.0,16270.0
1573077857373,-28800000,162753.0,152363.0,19785.0
1573077857420,-28800000,191459.0,179966.0,22940.0
1573077857463,-28800000,195291.0,184417.0,22995.0
1573077857509,-28800000,180479.0,170211.0,20698.0
1573077857509,-28800000,167474.0,156221.0,18753.0
1573077857571,-28800000,160526.0,147742.0,17861.0
1573077857598,-28800000,143649.0,129703.0,15841.0
1573077857643,-28800000,123500.0,109671.0,13454.0
1573077857688,-28800000,112732.0,99551.0,12146.0
1573077857733,-28800000,107712.0,95200.0,11529.0
1573077857778,-28800000,101080.0,89812.0,10699.0
1573077857824,-28800000,92151.0,82538.0,9606.0
1573077857869,-28800000,83273.0,75401.0,8537.0
1573077857870,-28800000,70686.0,64440.0,6995.0
1573077857913,-28800000,49642.0,47073.0,4829.0
1573077857958,-28800000,42162.0,40705.0,4043.0
1573077858004,-28800000,34768.0,33997.0,3226.0
1573077858051,-28800000,25744.0,25819.0,2322.0
1573077858101,-28800000,18535.0,19927.0,1801.0
1573077858139,-28800000,15511.0,18154.0,1857.0
1573077858185,-28800000,16416.0,19704.0,2329.0
1573077858231,-28800000,19053.0,22577.0,2938.0
1573077858293,-28800000,20814.0,24448.0,3374.0
1573077858355,-28800000,21607.0,25171.0,3247.0
1573077858366,-28800000,18000.0,22026.0,2379.0
1573077858366,-28800000,13391.0,17035.0,1623.0
1573077858410,-28800000,9492.0,12040.0,1083.0
1573077858455,-28800000,7374.0,9272.0,855.0
1573077858510,-28800000,6121.0,7657.0,729.0
1573077858545,-28800000,5262.0,6520.0,638.0
1573077858590,-28800000,4678.0,5766.0,582.0
1573077858591,-28800000,4237.0,5202.0,535.0
1573077858636,-28800000,4046.0,5002.0,526.0
1573077858698,-28800000,3962.0,4917.0,520.0
1573077858725,-28800000,3768.0,4674.0,498.0
1573077858768,-28800000,3562.0,4405.0,485.0
1573077858814,-28800000,3352.0,4128.0,463.0
1573077858859,-28800000,3145.0,3851.0,445.0
1573077858903,-28800000,3145.0,3851.0,445.0
1573077858948,-28800000,2963.0,3627.0,428.0
1573077858948,-28800000,2840.0,3467.0,418.0
1573077859010,-28800000,2740.0,3320.0,411.0
1573077859040,-28800000,2712.0,3271.0,405.0
1573077859083,-28800000,2706.0,3259.0,400.0
1573077859129,-28800000,2686.0,3220.0,395.0
1573077859175,-28800000,2791.0,3389.0,416.0
1573077859219,-28800000,3135.0,3913.0,454.0
1573077859265,-28800000,3806.0,4971.0,524.0
1573077859309,-28800000,5138.0,7239.0,682.0
1573077859309,-28800000,6563.0,9645.0,854.0
1573077859354,-28800000,7936.0,11809.0,1020.0
1573077859399,-28800000,9818.0,14529.0,1263.0
1573077859444,-28800000,12566.0,18167.0,1636.0
1573077859489,-28800000,16783.0,23198.0,2173.0
1573077859533,-28800000,25923.0,33172.0,3196.0
1573077859578,-28800000,42565.0,49853.0,4802.0
1573077859626,-28800000,53757.0,60831.0,5792.0
1573077859670,-28800000,82027.0,89431.0,8590.0
1573077859670,-28800000,150508.0,153344.0,15677.0
1573077859732,-28800000,200762.0,201805.0,20297.0
1573077859761,-28800000,199862.0,200967.0,18909.0
1573077859804,-28800000,151877.0,148683.0,13329.0
1573077859848,-28800000,80070.0,86886.0,7191.0
1573077859893,-28800000,88123.0,96205.0,8396.0
1573077859939,-28800000,100757.0,105174.0,9358.0
1573077859984,-28800000,112097.0,115903.0,9988.0
1573077860031,-28800000,129346.0,135375.0,10932.0
1573077860031,-28800000,164490.0,181653.0,12613.0
1573077860073,-28800000,186953.0,220266.0,12738.0
1573077860118,-28800000,198513.0,241490.0,14979.0
1573077860164,-28800000,204540.0,252546.0,17317.0
1573077860209,-28800000,208650.0,260859.0,19010.0
1573077860254,-28800000,209444.0,262143.0,19642.0
1573077860300,-28800000,209631.0,262143.0,19901.0
1573077860345,-28800000,209655.0,262143.0,20227.0
1573077860390,-28800000,208438.0,262143.0,20338.0
1573077860390,-28800000,208774.0,257769.0,20755.0
1573077860435,-28800000,111110.0,115702.0,10232.0
1573077860480,-28800000,29301.0,25616.0,3078.0
1573077860542,-28800000,17711.0,15822.0,1867.0
1573077860572,-28800000,15926.0,14783.0,1452.0
1573077860621,-28800000,15875.0,15106.0,1261.0
1573077860661,-28800000,21215.0,20894.0,1645.0
1573077860705,-28800000,26556.0,26485.0,2084.0
