1573068485037,-28800000,9.0,52.0,-6.0,34.0,30.0,-57.0,-2.0,60.0,5.0,80.0,-3.0,-36.0,1.0,21.0,-128.0,112.0,-96.0,4.0,-94.0,111.0
1573068485076,-28800000,8.0,-97.0,-6.0,34.0,31.0,113.0,0.0,34.0,5.0,-118.0,-1.0,28.0,1.0,22.0,64.0,114.0,16.0,4.0,-114.0,112.0
1573068485076,-28800000,8.0,-88.0,-6.0,-84.0,30.0,54.0,1.0,17.0,3.0,-29.0,-1.0,111.0,1.0,22.0,-128.0,114.0,-32.0,4.0,-118.0,113.0
1573068485138,-28800000,9.0,3.0,-5.0,35.0,29.0,58.0,1.0,97.0,2.0,-120.0,-1.0,-23.0,1.0,23.0,64.0,115.0,-80.0,4.0,126.0,114.0
1573068485200,-28800000,8.0,-123.0,-5.0,56.0,29.0,-62.0,0.0,46.0,2.0,55.0,0.0,6.0,1.0,24.0,64.0,116.0,-64.0,4.0,-122.0,115.0
1573068485203,-28800000,8.0,104.0,-5.0,42.0,29.0,-126.0,-1.0,-48.0,2.0,111.0,0.0,113.0,1.0,23.0,-128.0,117.0,-128.0,4.0,110.0,116.0
1573068485265,-28800000,7.0,115.0,-6.0,-15.0,29.0,108.0,-1.0,-66.0,2.0,123.0,0.0,97.0,1.0,26.0,64.0,118.0,80.0,4.0,126.0,117.0
1573068485327,-28800000,7.0,-46.0,-6.0,-45.0,29.0,-93.0,0.0,67.0,1.0,-7.0,0.0,-76.0,1.0,25.0,64.0,119.0,80.0,4.0,122.0,118.0
1573068485389,-28800000,7.0,-30.0,-6.0,-69.0,30.0,119.0,-1.0,66.0,1.0,78.0,0.0,-54.0,1.0,25.0,-128.0,120.0,-96.0,4.0,122.0,119.0
1573068485446,-28800000,8.0,29.0,-6.0,-75.0,30.0,-68.0,-1.0,32.0,0.0,78.0,0.0,127.0,1.0,26.0,-64.0,121.0,64.0,4.0,-126.0,120.0
1573068485446,-28800000,7.0,-35.0,-6.0,-103.0,30.0,-110.0,-1.0,66.0,-1.0,113.0,0.0,61.0,1.0,26.0,-128.0,121.0,32.0,4.0,110.0,121.0
1573068485446,-28800000,8.0,23.0,-6.0,-24.0,29.0,-107.0,-1.0,110.0,-2.0,-59.0,0.0,50.0,1.0,26.0,-64.0,121.0,48.0,4.0,106.0,122.0
1573068485508,-28800000,7.0,-23.0,-5.0,32.0,29.0,60.0,-1.0,127.0,-1.0,99.0,0.0,45.0,1.0,26.0,0.0,121.0,96.0,4.0,110.0,123.0
1573068485564,-28800000,7.0,114.0,-5.0,32.0,29.0,70.0,-1.0,-73.0,-1.0,-14.0,-1.0,-4.0,1.0,26.0,0.0,121.0,112.0,4.0,110.0,124.0
1573068485564,-28800000,7.0,-55.0,-5.0,68.0,29.0,-127.0,-1.0,-83.0,0.0,49.0,0.0,108.0,1.0,26.0,0.0,121.0,112.0,4.0,-126.0,125.0
1573068485626,-28800000,7.0,-98.0,-5.0,85.0,29.0,-103.0,-1.0,-92.0,0.0,114.0,0.0,-111.0,1.0,26.0,0.0,121.0,-80.0,4.0,110.0,126.0
1573068485675,-28800000,7.0,-97.0,-5.0,50.0,29.0,-108.0,-1.0,-51.0,0.0,-34.0,0.0,-86.0,1.0,27.0,-64.0,121.0,-64.0,4.0,-114.0,127.0
1573068485676,-28800000,7.0,79.0,-5.0,46.0,29.0,59.0,0.0,22.0,1.0,-82.0,0.0,-119.0,1.0,27.0,-128.0,122.0,64.0,4.0,122.0,-128.0
1573068485738,-28800000,7.0,23.0,-5.0,63.0,28.0,-2.0,0.0,-111.0,2.0,-35.0,0.0,59.0,1.0,27.0,0.0,122.0,-96.0,4.0,94.0,-127.0
1573068485796,-28800000,7.0,26.0,-5.0,51.0,29.0,74.0,0.0,-117.0,3.0,-27.0,-1.0,-13.0,1.0,27.0,-128.0,123.0,-96.0,4.0,102.0,-126.0
1573068485797,-28800000,6.0,78.0,-5.0,11.0,29.0,47.0,2.0,89.0,5.0,-26.0,-1.0,67.0,1.0,28.0,-64.0,125.0,96.0,4.0,98.0,-125.0
1573068485859,-28800000,5.0,-113.0,-5.0,-46.0,28.0,-101.0,4.0,108.0,7.0,-14.0,-2.0,-25.0,1.0,30.0,-128.0,126.0,-16.0,4.0,74.0,-124.0
1573068485917,-28800000,4.0,-74.0,-4.0,-42.0,27.0,-105.0,7.0,92.0,9.0,-9.0,-3.0,-7.0,1.0,31.0,64.0,-127.0,-80.0,4.0,38.0,-123.0
1573068485917,-28800000,3.0,-112.0,-2.0,3.0,27.0,-33.0,10.0,60.0,12.0,-63.0,-4.0,1.0,1.0,35.0,-64.0,-122.0,112.0,4.0,34.0,-122.0
1573068485979,-28800000,3.0,-97.0,-2.0,113.0,28.0,71.0,4.0,-88.0,14.0,-91.0,-8.0,36.0,1.0,39.0,64.0,-113.0,-96.0,4.0,18.0,-121.0
1573068486036,-28800000,3.0,122.0,0.0,72.0,30.0,-123.0,3.0,-91.0,17.0,55.0,-10.0,-106.0,1.0,47.0,64.0,-105.0,48.0,4.0,14.0,-120.0
1573068486036,-28800000,0.0,94.0,1.0,78.0,33.0,52.0,7.0,74.0,23.0,-122.0,-9.0,62.0,1.0,59.0,-128.0,-99.0,32.0,4.0,38.0,-119.0
1573068486098,-28800000,-1.0,-3.0,4.0,-41.0,33.0,-83.0,4.0,-77.0,26.0,8.0,-13.0,-118.0,1.0,72.0,0.0,-101.0,48.0,4.0,66.0,-118.0
1573068486157,-28800000,-8.0,-81.0,-4.0,-62.0,31.0,-52.0,-4.0,6.0,26.0,-79.0,-24.0,10.0,1.0,85.0,64.0,-100.0,64.0,4.0,74.0,-117.0
1573068486157,-28800000,-11.0,9.0,-6.0,6.0,32.0,-54.0,-17.0,-122.0,11.0,99.0,-37.0,-66.0,1.0,101.0,64.0,-95.0,48.0,4.0,110.0,-116.0
1573068486219,-28800000,-9.0,124.0,-6.0,78.0,31.0,123.0,-10.0,-42.0,-11.0,-37.0,-35.0,-8.0,1.0,118.0,0.0,-91.0,-16.0,4.0,-82.0,-115.0
1573068486277,-28800000,-6.0,124.0,-6.0,-42.0,30.0,-88.0,-3.0,-47.0,-10.0,113.0,-10.0,11.0,1.0,-128.0,-64.0,-93.0,-64.0,4.0,-54.0,-114.0
1573068486277,-28800000,-6.0,-1.0,-3.0,18.0,28.0,-71.0,5.0,96.0,11.0,-83.0,15.0,10.0,1.0,-123.0,0.0,-99.0,16.0,4.0,-66.0,-113.0
1573068486339,-28800000,-9.0,-44.0,-3.0,110.0,29.0,-51.0,9.0,-74.0,25.0,79.0,23.0,-127.0,1.0,-119.0,-128.0,-104.0,0.0,4.0,-6.0,-112.0
1573068486397,-28800000,-11.0,81.0,-3.0,-106.0,32.0,25.0,-4.0,-80.0,13.0,-30.0,10.0,-49.0,1.0,-112.0,64.0,-105.0,32.0,4.0,-46.0,-111.0
1573068486397,-28800000,-11.0,-78.0,-3.0,125.0,31.0,-99.0,-3.0,-22.0,-3.0,110.0,1.0,16.0,1.0,-109.0,-64.0,-108.0,-48.0,4.0,-14.0,-110.0
1573068486459,-28800000,-12.0,-126.0,-2.0,5.0,29.0,-45.0,4.0,-33.0,-5.0,11.0,2.0,68.0,1.0,-108.0,-64.0,-113.0,-80.0,4.0,-22.0,-109.0
1573068486516,-28800000,-7.0,25.0,-2.0,-52.0,26.0,-118.0,8.0,102.0,-5.0,76.0,8.0,-75.0,1.0,-100.0,-128.0,-115.0,48.0,4.0,-6.0,-108.0
1573068486516,-28800000,-8.0,-13.0,-1.0,31.0,29.0,35.0,-2.0,67.0,-6.0,73.0,3.0,-44.0,1.0,-82.0,0.0,-116.0,96.0,5.0,50.0,-107.0
1573068486578,-28800000,-6.0,49.0,-2.0,106.0,31.0,80.0,-7.0,-65.0,-8.0,80.0,1.0,59.0,1.0,-66.0,0.0,-117.0,-16.0,5.0,-118.0,-106.0
1573068486638,-28800000,-6.0,-102.0,-2.0,33.0,32.0,120.0,-6.0,83.0,-5.0,67.0,0.0,60.0,1.0,-57.0,-64.0,-117.0,-112.0,5.0,-98.0,-105.0
1573068486638,-28800000,-7.0,-39.0,-3.0,-78.0,31.0,-113.0,-2.0,-128.0,-1.0,55.0,-1.0,-42.0,1.0,-56.0,-64.0,-117.0,96.0,5.0,-90.0,-104.0
1573068486700,-28800000,-7.0,-121.0,-2.0,8.0,30.0,80.0,1.0,92.0,-1.0,53.0,0.0,79.0,1.0,-56.0,0.0,-117.0,-64.0,5.0,-102.0,-103.0
1573068486757,-28800000,-8.0,-9.0,-2.0,63.0,30.0,93.0,0.0,95.0,-2.0,-56.0,0.0,13.0,1.0,-56.0,0.0,-117.0,-64.0,5.0,-102.0,-102.0
1573068486757,-28800000,-7.0,35.0,-2.0,102.0,29.0,-3.0,0.0,-49.0,-2.0,104.0,0.0,49.0,1.0,-56.0,-64.0,-117.0,-80.0,5.0,-102.0,-101.0
1573068486819,-28800000,-7.0,-111.0,-2.0,-123.0,29.0,-1.0,0.0,112.0,-3.0,-4.0,0.0,52.0,1.0,-51.0,0.0,-116.0,32.0,5.0,-114.0,-100.0
1573068486878,-28800000,-7.0,-127.0,-2.0,86.0,30.0,101.0,-1.0,115.0,-2.0,5.0,0.0,65.0,1.0,-47.0,-64.0,-116.0,64.0,5.0,-70.0,-99.0
1573068486878,-28800000,-6.0,64.0,-2.0,101.0,30.0,-66.0,0.0,64.0,-2.0,-58.0,0.0,-85.0,1.0,-40.0,0.0,-116.0,32.0,5.0,-66.0,-98.0
1573068486940,-28800000,-6.0,10.0,-2.0,-77.0,30.0,123.0,0.0,-94.0,-1.0,75.0,0.0,-122.0,1.0,-39.0,64.0,-116.0,32.0,5.0,-50.0,-97.0
1573068486997,-28800000,-7.0,-69.0,-2.0,-72.0,30.0,126.0,0.0,2.0,-1.0,93.0,0.0,101.0,1.0,-39.0,-64.0,-117.0,-48.0,5.0,-70.0,-96.0
1573068486997,-28800000,-7.0,-80.0,-2.0,-94.0,30.0,70.0,0.0,7.0,-1.0,98.0,0.0,-110.0,1.0,-39.0,-64.0,-116.0,48.0,5.0,-26.0,-95.0
1573068487059,-28800000,-7.0,-14.0,-2.0,-38.0,30.0,-115.0,-1.0,-11.0,-1.0,109.0,0.0,-66.0,1.0,-37.0,-128.0,-116.0,112.0,5.0,-54.0,-94.0
1573068487117,-28800000,-7.0,-7.0,-2.0,-71.0,30.0,108.0,-1.0,-42.0,-1.0,58.0,0.0,-68.0,1.0,-37.0,0.0,-116.0,64.0,5.0,-38.0,-93.0
1573068487117,-28800000,-6.0,5.0,-2.0,-104.0,30.0,-118.0,-1.0,123.0,-2.0,-21.0,0.0,-98.0,1.0,-36.0,-128.0,-116.0,32.0,5.0,-26.0,-92.0
1573068487179,-28800000,-6.0,26.0,-2.0,-66.0,30.0,-109.0,-1.0,116.0,-1.0,26.0,0.0,-107.0,1.0,-35.0,-64.0,-116.0,-64.0,5.0,-34.0,-91.0
1573068487238,-28800000,-6.0,1.0,-2.0,-40.0,30.0,-111.0,-1.0,-82.0,-1.0,98.0,0.0,-87.0,1.0,-32.0,-64.0,-116.0,64.0,5.0,-30.0,-90.0
1573068487238,-28800000,-6.0,42.0,-2.0,-70.0,30.0,-98.0,-1.0,75.0,-1.0,48.0,0.0,-61.0,1.0,-32.0,-128.0,-116.0,48.0,5.0,-30.0,-89.0
1573068487300,-28800000,-6.0,18.0,-2.0,-85.0,30.0,-103.0,-1.0,115.0,-1.0,44.0,0.0,-74.0,1.0,-28.0,-128.0,-116.0,-96.0,6.0,6.0,-88.0
1573068487360,-28800000,-6.0,34.0,-2.0,-61.0,30.0,-82.0,-1.0,-94.0,-2.0,-5.0,0.0,-73.0,1.0,-26.0,0.0,-116.0,112.0,5.0,-26.0,-87.0
1573068487360,-28800000,-6.0,77.0,-2.0,-25.0,30.0,-70.0,-1.0,-67.0,-1.0,37.0,0.0,-68.0,1.0,-26.0,0.0,-116.0,-112.0,6.0,22.0,-86.0
1573077811699,-28800000,-2.0,94.0,-10.0,39.0,29.0,92.0,-1.0,60.0,-1.0,-125.0,0.0,-74.0,51.0,-85.0,13.0,89.0,-64.0,67.0,-91.0,16.0
1573077811699,-28800000,-2.0,99.0,-10.0,29.0,29.0,80.0,-1.0,101.0,-1.0,-114.0,0.0,-74.0,51.0,-101.0,-51.0,85.0,-32.0,67.0,-127.0,17.0
1573077811743,-28800000,-2.0,83.0,-10.0,25.0,29.0,100.0,-1.0,84.0,-1.0,110.0,0.0,-54.0,51.0,-118.0,-51.0,79.0,-48.0,67.0,89.0,18.0
1573077811788,-28800000,-2.0,124.0,-10.0,13.0,29.0,93.0,-1.0,104.0,-1.0,105.0,0.0,-59.0,51.0,127.0,13.0,76.0,96.0,67.0,45.0,19.0
1573077811836,-28800000,-2.0,81.0,-10.0,22.0,29.0,108.0,-1.0,96.0,-1.0,118.0,0.0,-29.0,51.0,126.0,13.0,76.0,96.0,67.0,57.0,20.0
1573077811878,-28800000,-2.0,94.0,-10.0,28.0,29.0,110.0,-1.0,112.0,-1.0,-122.0,0.0,-41.0,51.0,-114.0,-115.0,80.0,112.0,67.0,89.0,21.0
1573077811923,-28800000,-2.0,93.0,-10.0,56.0,29.0,103.0,-1.0,110.0,-1.0,124.0,0.0,-40.0,51.0,-124.0,-115.0,77.0,-48.0,67.0,77.0,22.0
1573077811968,-28800000,-2.0,-105.0,-10.0,4.0,29.0,87.0,-1.0,66.0,-1.0,117.0,0.0,-49.0,51.0,113.0,77.0,74.0,48.0,67.0,53.0,23.0
1573077812013,-28800000,-2.0,100.0,-10.0,23.0,29.0,127.0,-1.0,81.0,-1.0,113.0,1.0,11.0,51.0,92.0,-51.0,70.0,0.0,67.0,21.0,24.0
1573077812058,-28800000,-2.0,34.0,-10.0,91.0,29.0,69.0,-1.0,59.0,-1.0,114.0,0.0,-5.0,51.0,90.0,-51.0,69.0,-80.0,67.0,37.0,25.0
1573077812058,-28800000,-2.0,89.0,-10.0,41.0,29.0,103.0,-1.0,109.0,-1.0,116.0,0.0,-42.0,51.0,90.0,-51.0,69.0,-80.0,67.0,37.0,26.0
1573077812103,-28800000,-2.0,61.0,-10.0,21.0,29.0,-105.0,-1.0,63.0,-1.0,117.0,0.0,-28.0,51.0,93.0,77.0,72.0,16.0,67.0,41.0,27.0
1573077812148,-28800000,-2.0,122.0,-11.0,-11.0,29.0,96.0,-1.0,50.0,-1.0,125.0,0.0,-19.0,51.0,76.0,77.0,66.0,64.0,66.0,-15.0,28.0
1573077812193,-28800000,-2.0,97.0,-10.0,42.0,29.0,52.0,-1.0,36.0,-1.0,110.0,1.0,8.0,51.0,55.0,77.0,60.0,96.0,66.0,-27.0,29.0
1573077812239,-28800000,-2.0,47.0,-10.0,50.0,29.0,27.0,-1.0,100.0,-1.0,125.0,0.0,-3.0,51.0,41.0,13.0,55.0,96.0,66.0,-59.0,30.0
1573077812284,-28800000,-2.0,-124.0,-11.0,-18.0,29.0,50.0,-1.0,-64.0,-1.0,89.0,1.0,13.0,51.0,93.0,-115.0,69.0,-128.0,67.0,25.0,31.0
1573077812332,-28800000,-2.0,117.0,-11.0,-34.0,30.0,24.0,-1.0,-6.0,-1.0,66.0,1.0,91.0,51.0,-24.0,13.0,104.0,-112.0,67.0,-47.0,32.0
1573077812373,-28800000,-2.0,-109.0,-11.0,-29.0,30.0,-108.0,-1.0,110.0,-1.0,-110.0,1.0,127.0,51.0,-10.0,-51.0,107.0,-128.0,67.0,-15.0,33.0
1573077812418,-28800000,-2.0,-100.0,-10.0,50.0,29.0,111.0,-2.0,-30.0,0.0,54.0,1.0,-73.0,51.0,-18.0,-115.0,105.0,16.0,67.0,-23.0,34.0
1573077812418,-28800000,-2.0,6.0,-10.0,110.0,28.0,-48.0,-2.0,-55.0,0.0,91.0,1.0,-64.0,51.0,-103.0,77.0,82.0,-128.0,67.0,97.0,35.0
1573077812465,-28800000,-2.0,118.0,-10.0,52.0,29.0,119.0,-1.0,119.0,0.0,100.0,1.0,-118.0,51.0,-52.0,77.0,97.0,-96.0,67.0,-63.0,36.0
1573077812510,-28800000,-2.0,24.0,-10.0,80.0,29.0,15.0,-1.0,54.0,0.0,49.0,1.0,-70.0,51.0,-46.0,-51.0,99.0,96.0,67.0,-47.0,37.0
1573077812553,-28800000,-3.0,-112.0,-10.0,95.0,28.0,-16.0,-1.0,77.0,0.0,54.0,1.0,-52.0,51.0,-124.0,-51.0,81.0,96.0,67.0,93.0,38.0
1573077812615,-28800000,-4.0,-102.0,-10.0,-128.0,29.0,36.0,0.0,11.0,0.0,-39.0,1.0,-91.0,51.0,83.0,-51.0,72.0,-96.0,67.0,21.0,39.0
1573077812645,-28800000,-4.0,-57.0,-10.0,99.0,29.0,-109.0,0.0,-79.0,0.0,-32.0,1.0,52.0,51.0,75.0,77.0,67.0,-32.0,67.0,17.0,40.0
1573077812690,-28800000,-4.0,117.0,-10.0,-92.0,29.0,117.0,1.0,13.0,1.0,37.0,0.0,-37.0,50.0,-39.0,-51.0,40.0,-112.0,66.0,89.0,41.0
1573077812733,-28800000,-3.0,63.0,-10.0,-119.0,29.0,87.0,0.0,14.0,0.0,90.0,0.0,68.0,50.0,121.0,13.0,14.0,64.0,65.0,-75.0,42.0
1573077812777,-28800000,-3.0,-83.0,-10.0,94.0,29.0,-119.0,0.0,84.0,0.0,11.0,0.0,-128.0,49.0,-83.0,-52.0,-36.0,16.0,64.0,105.0,43.0
1573077812778,-28800000,-3.0,-49.0,-10.0,95.0,29.0,81.0,0.0,8.0,-1.0,-106.0,0.0,-50.0,49.0,14.0,-116.0,-76.0,80.0,63.0,125.0,44.0
1573077812824,-28800000,-3.0,-109.0,-10.0,-123.0,29.0,56.0,-1.0,-104.0,-1.0,78.0,0.0,-7.0,48.0,-45.0,-116.0,-92.0,-48.0,63.0,33.0,45.0
1573077812869,-28800000,-3.0,116.0,-10.0,-94.0,29.0,116.0,-1.0,-100.0,-1.0,-112.0,1.0,13.0,48.0,-120.0,12.0,-115.0,-112.0,62.0,-119.0,46.0
1573077812914,-28800000,-3.0,7.0,-10.0,60.0,29.0,-106.0,-1.0,-99.0,-1.0,98.0,0.0,-79.0,48.0,52.0,-52.0,113.0,-32.0,61.0,-43.0,47.0
1573077812959,-28800000,-2.0,80.0,-13.0,-27.0,30.0,48.0,0.0,-104.0,-2.0,-36.0,-1.0,68.0,50.0,34.0,-116.0,-20.0,80.0,64.0,-3.0,48.0
1573077813003,-28800000,-1.0,60.0,-11.0,46.0,35.0,99.0,0.0,107.0,-11.0,58.0,-8.0,33.0,56.0,107.0,14.0,-105.0,64.0,75.0,-59.0,49.0
1573077813050,-28800000,1.0,-57.0,-11.0,126.0,34.0,-73.0,-10.0,-79.0,-17.0,3.0,-21.0,24.0,65.0,119.0,-112.0,-44.0,0.0,90.0,-35.0,50.0
1573077813097,-28800000,8.0,67.0,-13.0,-7.0,31.0,74.0,-16.0,7.0,-28.0,93.0,-26.0,-68.0,74.0,125.0,-109.0,8.0,96.0,107.0,-51.0,51.0
1573077813138,-28800000,7.0,-122.0,-10.0,72.0,26.0,74.0,-33.0,-8.0,-60.0,-97.0,-21.0,-2.0,92.0,-67.0,-105.0,-96.0,-112.0,-118.0,-55.0,52.0
1573077813139,-28800000,8.0,43.0,-11.0,66.0,19.0,-67.0,-17.0,-9.0,-81.0,85.0,-20.0,25.0,106.0,100.0,-101.0,112.0,-32.0,-91.0,9.0,53.0
1573077813183,-28800000,17.0,113.0,-12.0,45.0,18.0,115.0,-18.0,-39.0,-71.0,54.0,-12.0,41.0,120.0,-105.0,95.0,80.0,0.0,-66.0,-7.0,54.0
1573077813230,-28800000,21.0,90.0,-14.0,81.0,13.0,-124.0,-5.0,106.0,-37.0,-112.0,-8.0,121.0,125.0,111.0,96.0,-88.0,-112.0,-56.0,89.0,55.0
1573077813278,-28800000,25.0,-71.0,-15.0,-40.0,12.0,-22.0,-1.0,-84.0,-20.0,-125.0,-7.0,-17.0,-128.0,-84.0,97.0,-85.0,-96.0,-49.0,-47.0,56.0
1573077813323,-28800000,25.0,47.0,-14.0,-48.0,11.0,-112.0,-4.0,-82.0,-19.0,-104.0,-4.0,-42.0,-121.0,92.0,-93.0,-120.0,-96.0,-36.0,-95.0,57.0
1573077813363,-28800000,27.0,41.0,-13.0,58.0,9.0,-76.0,-4.0,-89.0,-14.0,-15.0,-3.0,-114.0,-117.0,-25.0,36.0,-53.0,0.0,-27.0,21.0,58.0
1573077813408,-28800000,27.0,26.0,-13.0,24.0,9.0,15.0,-4.0,-46.0,-7.0,48.0,-1.0,-89.0,-113.0,27.0,-91.0,-41.0,80.0,-21.0,93.0,59.0
1573077813469,-28800000,25.0,-82.0,-13.0,-88.0,7.0,74.0,-6.0,126.0,-7.0,-56.0,0.0,48.0,-109.0,38.0,-89.0,78.0,0.0,-13.0,-63.0,60.0
1573077813516,-28800000,27.0,17.0,-13.0,83.0,7.0,110.0,-3.0,-40.0,-4.0,-50.0,-2.0,-97.0,-106.0,-8.0,40.0,122.0,-96.0,-6.0,125.0,61.0
1573077813516,-28800000,27.0,-90.0,-13.0,105.0,7.0,-59.0,-2.0,65.0,-1.0,87.0,-2.0,-51.0,-102.0,36.0,41.0,-126.0,17.0,0.0,-103.0,62.0
1573077813544,-28800000,28.0,-82.0,-13.0,7.0,8.0,69.0,-2.0,56.0,-2.0,63.0,-1.0,60.0,-99.0,-95.0,42.0,-106.0,49.0,6.0,-19.0,63.0
1573077813588,-28800000,28.0,83.0,-13.0,45.0,7.0,-40.0,-3.0,-80.0,-4.0,-17.0,0.0,114.0,-96.0,68.0,-85.0,114.0,-79.0,12.0,13.0,64.0
1573077813635,-28800000,27.0,-77.0,-14.0,-5.0,7.0,-103.0,-3.0,50.0,-1.0,25.0,1.0,118.0,-95.0,-108.0,43.0,-31.0,97.0,14.0,113.0,65.0
1573077813693,-28800000,27.0,28.0,-13.0,46.0,7.0,-115.0,-3.0,-90.0,-3.0,-6.0,1.0,114.0,-93.0,-80.0,108.0,-128.0,-15.0,18.0,57.0,66.0
1573077813724,-28800000,26.0,-28.0,-13.0,105.0,8.0,6.0,-1.0,43.0,-1.0,-77.0,0.0,-98.0,-91.0,-43.0,-83.0,39.0,-15.0,21.0,-11.0,67.0
1573077813768,-28800000,27.0,-99.0,-13.0,87.0,8.0,66.0,-1.0,117.0,1.0,51.0,0.0,90.0,-89.0,-112.0,109.0,-82.0,65.0,25.0,41.0,68.0
1573077813813,-28800000,27.0,-28.0,-13.0,59.0,8.0,-119.0,-1.0,8.0,0.0,36.0,0.0,-117.0,-87.0,-110.0,-18.0,76.0,49.0,28.0,-63.0,69.0
1573077813859,-28800000,28.0,104.0,-13.0,33.0,8.0,-94.0,-1.0,47.0,-1.0,21.0,0.0,-83.0,-86.0,118.0,-18.0,-112.0,81.0,30.0,41.0,70.0
1573077813859,-28800000,27.0,-64.0,-13.0,48.0,8.0,13.0,-2.0,20.0,-3.0,-70.0,1.0,-123.0,-86.0,-94.0,-18.0,-90.0,33.0,30.0,-59.0,71.0
1573077813904,-28800000,27.0,-76.0,-13.0,13.0,8.0,50.0,-2.0,71.0,-2.0,83.0,1.0,-102.0,-85.0,70.0,-18.0,-34.0,17.0,31.0,-23.0,72.0
1573077813949,-28800000,27.0,104.0,-14.0,-15.0,7.0,-84.0,-3.0,-53.0,-4.0,-92.0,1.0,-86.0,-84.0,53.0,47.0,40.0,-63.0,33.0,-103.0,73.0
1573077813993,-28800000,26.0,-126.0,-13.0,3.0,6.0,-100.0,-3.0,108.0,-4.0,61.0,1.0,-16.0,-84.0,121.0,-81.0,61.0,-47.0,34.0,45.0,74.0
1573077814040,-28800000,27.0,87.0,-14.0,-49.0,6.0,-4.0,-2.0,71.0,-2.0,17.0,0.0,-29.0,-84.0,-67.0,-17.0,83.0,-47.0,34.0,-75.0,75.0
1573077814085,-28800000,27.0,88.0,-14.0,-5.0,7.0,8.0,-2.0,121.0,-2.0,122.0,0.0,99.0,-83.0,-88.0,47.0,-102.0,-95.0,36.0,37.0,76.0
1573077814129,-28800000,27.0,-35.0,-13.0,2.0,7.0,15.0,-1.0,92.0,0.0,-83.0,0.0,1.0,-82.0,23.0,47.0,-67.0,-79.0,36.0,-119.0,77.0
1573077814173,-28800000,28.0,23.0,-13.0,11.0,7.0,25.0,-1.0,46.0,0.0,34.0,0.0,79.0,-82.0,-43.0,-81.0,-9.0,-15.0,37.0,-59.0,78.0
1573077814220,-28800000,27.0,-9.0,-14.0,-31.0,7.0,75.0,-1.0,75.0,0.0,34.0,0.0,-108.0,-81.0,126.0,-80.0,38.0,-15.0,38.0,-35.0,79.0
1573077814220,-28800000,27.0,-113.0,-14.0,-40.0,7.0,49.0,-1.0,32.0,-1.0,-74.0,0.0,-35.0,-81.0,-47.0,-16.0,64.0,-111.0,39.0,89.0,80.0
1573077814267,-28800000,27.0,63.0,-14.0,-54.0,6.0,-29.0,-1.0,126.0,0.0,-118.0,1.0,5.0,-80.0,21.0,112.0,92.0,65.0,39.0,-31.0,81.0
1573077814319,-28800000,25.0,-3.0,-14.0,-25.0,6.0,-36.0,0.0,-103.0,5.0,97.0,0.0,-38.0,-80.0,97.0,112.0,117.0,33.0,40.0,113.0,82.0
1573077814354,-28800000,21.0,6.0,-12.0,56.0,7.0,35.0,5.0,-92.0,24.0,-31.0,-1.0,61.0,-80.0,-45.0,112.0,-107.0,-15.0,41.0,25.0,83.0
1573077814398,-28800000,20.0,-64.0,-12.0,77.0,15.0,94.0,16.0,30.0,60.0,-87.0,-7.0,-126.0,-79.0,14.0,48.0,-93.0,-15.0,41.0,-115.0,84.0
1573077814446,-28800000,20.0,6.0,-9.0,48.0,19.0,-92.0,23.0,-20.0,99.0,103.0,-8.0,29.0,-78.0,-43.0,-79.0,41.0,-31.0,45.0,21.0,85.0
1573077814501,-28800000,11.0,-89.0,-7.0,53.0,32.0,114.0,38.0,-6.0,127.0,-1.0,-7.0,-121.0,-76.0,-30.0,-79.0,-59.0,49.0,49.0,93.0,86.0
1573077814534,-28800000,4.0,107.0,-5.0,119.0,40.0,29.0,43.0,-109.0,127.0,-1.0,1.0,78.0,-67.0,-59.0,-12.0,-71.0,49.0,64.0,-91.0,87.0
1573077814578,-28800000,-14.0,-128.0,-1.0,113.0,31.0,-57.0,17.0,-15.0,122.0,-17.0,10.0,42.0,-68.0,99.0,-77.0,91.0,65.0,51.0,-115.0,88.0
1573077814578,-28800000,-20.0,-17.0,2.0,-114.0,21.0,87.0,2.0,54.0,86.0,1.0,2.0,-109.0,-81.0,101.0,-83.0,38.0,49.0,13.0,-31.0,89.0
1573077814625,-28800000,-23.0,86.0,-2.0,55.0,20.0,-84.0,6.0,52.0,63.0,94.0,-1.0,-75.0,-91.0,74.0,-88.0,-115.0,-16.0,-16.0,-115.0,90.0
1573077814672,-28800000,-26.0,6.0,1.0,12.0,15.0,65.0,-1.0,8.0,35.0,53.0,5.0,12.0,-77.0,19.0,44.0,-89.0,-111.0,24.0,-47.0,91.0
1573077814717,-28800000,-28.0,-52.0,1.0,-94.0,15.0,-52.0,-1.0,102.0,14.0,23.0,2.0,65.0,-70.0,102.0,46.0,-47.0,33.0,49.0,105.0,92.0
1573077814759,-28800000,-25.0,74.0,0.0,119.0,14.0,-85.0,-2.0,71.0,4.0,11.0,-2.0,-54.0,-66.0,120.0,112.0,11.0,-15.0,59.0,-27.0,93.0
1573077814803,-28800000,-27.0,-88.0,0.0,108.0,15.0,10.0,-1.0,79.0,1.0,-2.0,2.0,114.0,-66.0,-31.0,-80.0,40.0,-111.0,61.0,-75.0,94.0
1573077814854,-28800000,-28.0,-99.0,0.0,21.0,15.0,-46.0,2.0,115.0,-2.0,-43.0,3.0,16.0,-65.0,14.0,-16.0,95.0,17.0,65.0,5.0,95.0
1573077814894,-28800000,-28.0,-96.0,0.0,21.0,17.0,15.0,2.0,12.0,-2.0,60.0,1.0,-21.0,-62.0,-101.0,49.0,-118.0,113.0,71.0,-3.0,96.0
1573077814939,-28800000,-28.0,90.0,0.0,40.0,16.0,-14.0,-2.0,-37.0,-2.0,-121.0,1.0,-106.0,-59.0,22.0,-78.0,61.0,113.0,75.0,-63.0,97.0
1573077814939,-28800000,-28.0,-106.0,0.0,-121.0,15.0,-22.0,-3.0,-29.0,-1.0,11.0,1.0,22.0,-61.0,78.0,49.0,-75.0,-47.0,73.0,65.0,98.0
1573077814983,-28800000,-27.0,72.0,0.0,-126.0,15.0,-2.0,-2.0,34.0,-1.0,35.0,0.0,-82.0,-64.0,-13.0,113.0,21.0,17.0,69.0,-23.0,99.0
1573077815030,-28800000,-27.0,-117.0,0.0,79.0,16.0,59.0,-2.0,124.0,-2.0,-117.0,0.0,107.0,-66.0,-121.0,-80.0,107.0,-111.0,66.0,57.0,100.0
1573077815079,-28800000,-27.0,100.0,0.0,126.0,16.0,-57.0,-2.0,-104.0,-3.0,-16.0,0.0,76.0,-67.0,-49.0,48.0,62.0,97.0,64.0,-47.0,101.0
1573077815119,-28800000,-28.0,-22.0,0.0,89.0,16.0,-47.0,-2.0,-122.0,-1.0,75.0,0.0,43.0,-67.0,23.0,-80.0,12.0,33.0,63.0,57.0,102.0
1573077815163,-28800000,-27.0,-103.0,0.0,14.0,16.0,-82.0,-2.0,-50.0,-3.0,-63.0,-1.0,126.0,-68.0,27.0,47.0,-54.0,81.0,61.0,93.0,103.0
1573077815209,-28800000,-27.0,-113.0,0.0,35.0,17.0,-106.0,-2.0,-111.0,-8.0,-120.0,-1.0,-91.0,-69.0,-34.0,111.0,-63.0,97.0,61.0,33.0,104.0
1573077815258,-28800000,-27.0,-40.0,0.0,28.0,18.0,62.0,-4.0,38.0,-23.0,68.0,-1.0,2.0,-68.0,-89.0,-80.0,4.0,-111.0,62.0,-63.0,105.0
1573077815303,-28800000,-23.0,41.0,0.0,122.0,22.0,-88.0,-7.0,24.0,-62.0,35.0,-2.0,-93.0,-69.0,-55.0,-17.0,-37.0,-79.0,62.0,49.0,106.0
1573077815303,-28800000,-16.0,17.0,-2.0,40.0,28.0,33.0,-17.0,0.0,-116.0,-8.0,-2.0,-105.0,-74.0,-86.0,46.0,-62.0,-15.0,53.0,-79.0,107.0
1573077815344,-28800000,-7.0,83.0,-3.0,23.0,29.0,-35.0,-26.0,-54.0,-128.0,0.0,-4.0,-38.0,-78.0,71.0,45.0,-42.0,-47.0,45.0,105.0,108.0
1573077815388,-28800000,4.0,-87.0,-5.0,125.0,30.0,55.0,-27.0,-21.0,-128.0,75.0,-4.0,57.0,-78.0,6.0,-18.0,27.0,-47.0,46.0,-35.0,109.0
1573077815435,-28800000,17.0,-99.0,-8.0,-79.0,24.0,25.0,-28.0,-63.0,-108.0,-42.0,-1.0,-17.0,-79.0,-27.0,-82.0,117.0,-95.0,49.0,45.0,110.0
1573077815479,-28800000,21.0,81.0,-11.0,-38.0,18.0,12.0,-20.0,123.0,-68.0,38.0,2.0,121.0,-83.0,-30.0,45.0,-106.0,-111.0,43.0,57.0,111.0
1573077815524,-28800000,24.0,-111.0,-12.0,55.0,16.0,-6.0,-14.0,-102.0,-41.0,115.0,0.0,-11.0,-89.0,23.0,44.0,8.0,81.0,32.0,77.0,112.0
1573077815586,-28800000,22.0,-108.0,-12.0,2.0,14.0,121.0,-9.0,-122.0,-24.0,-24.0,2.0,43.0,-94.0,99.0,-86.0,-17.0,-47.0,23.0,-35.0,113.0
1573077815615,-28800000,24.0,14.0,-12.0,114.0,15.0,46.0,-3.0,109.0,-10.0,-57.0,0.0,62.0,-98.0,15.0,41.0,-25.0,17.0,16.0,9.0,114.0
1573077815666,-28800000,26.0,17.0,-12.0,-73.0,15.0,97.0,-3.0,122.0,-7.0,74.0,0.0,101.0,-102.0,-39.0,105.0,30.0,33.0,9.0,-55.0,115.0
1573077815667,-28800000,25.0,80.0,-11.0,0.0,15.0,107.0,-2.0,-5.0,0.0,-46.0,0.0,-100.0,-104.0,10.0,104.0,118.0,-47.0,4.0,-111.0,116.0
1573077815712,-28800000,24.0,-53.0,-11.0,40.0,15.0,88.0,0.0,-39.0,3.0,-22.0,0.0,50.0,-103.0,60.0,-24.0,-58.0,-47.0,6.0,-127.0,117.0
1573077815748,-28800000,24.0,44.0,-11.0,97.0,16.0,-63.0,-1.0,124.0,1.0,15.0,1.0,24.0,-101.0,89.0,-87.0,80.0,113.0,9.0,-31.0,118.0
1573077815793,-28800000,24.0,89.0,-12.0,-13.0,15.0,-20.0,-1.0,-93.0,2.0,120.0,1.0,-122.0,-100.0,-92.0,-23.0,-91.0,-31.0,12.0,33.0,119.0
1573077815841,-28800000,21.0,-43.0,-11.0,46.0,14.0,32.0,4.0,36.0,15.0,90.0,0.0,125.0,-99.0,-45.0,-87.0,-15.0,49.0,14.0,73.0,120.0
1573077815903,-28800000,21.0,121.0,-11.0,-24.0,18.0,65.0,11.0,-58.0,35.0,-31.0,-4.0,-64.0,-97.0,-50.0,-22.0,101.0,-111.0,17.0,-127.0,121.0
1573077815945,-28800000,20.0,112.0,-9.0,11.0,24.0,-45.0,14.0,-82.0,52.0,-110.0,-4.0,-128.0,-95.0,-14.0,42.0,-38.0,-31.0,20.0,97.0,122.0
1573077815973,-28800000,17.0,5.0,-9.0,-37.0,27.0,-48.0,13.0,104.0,85.0,-102.0,-2.0,72.0,-93.0,58.0,-85.0,10.0,49.0,19.0,-27.0,123.0
1573077816018,-28800000,5.0,-50.0,-8.0,26.0,29.0,9.0,12.0,31.0,98.0,-9.0,4.0,-9.0,-93.0,97.0,42.0,-43.0,113.0,17.0,-111.0,124.0
1573077816019,-28800000,-5.0,-10.0,-7.0,-41.0,25.0,-50.0,8.0,62.0,90.0,50.0,10.0,91.0,-95.0,-109.0,-86.0,2.0,113.0,11.0,-23.0,125.0
1573077816066,-28800000,-9.0,68.0,-4.0,127.0,29.0,117.0,10.0,-3.0,58.0,47.0,9.0,-26.0,-95.0,-89.0,105.0,-30.0,65.0,12.0,21.0,126.0
1573077816111,-28800000,-14.0,-120.0,-2.0,23.0,28.0,-108.0,5.0,-25.0,26.0,-15.0,8.0,-61.0,-94.0,13.0,105.0,-8.0,1.0,12.0,-111.0,127.0
1573077816153,-28800000,-15.0,11.0,-2.0,36.0,29.0,-118.0,4.0,42.0,13.0,30.0,6.0,-37.0,-95.0,-47.0,41.0,-23.0,33.0,12.0,-83.0,-128.0
1573077816198,-28800000,-15.0,-15.0,-3.0,-49.0,28.0,-13.0,0.0,-122.0,-3.0,83.0,4.0,-68.0,-94.0,67.0,42.0,5.0,-111.0,13.0,-19.0,-127.0
1573077816246,-28800000,-14.0,117.0,-3.0,39.0,28.0,-26.0,-2.0,-52.0,-11.0,-58.0,3.0,-112.0,-94.0,62.0,106.0,9.0,-63.0,14.0,121.0,-126.0
1573077816308,-28800000,-12.0,-17.0,-4.0,-89.0,28.0,-31.0,-1.0,98.0,-8.0,45.0,1.0,107.0,-95.0,-61.0,41.0,-16.0,-47.0,14.0,29.0,-125.0
1573077816334,-28800000,-10.0,-46.0,-4.0,123.0,28.0,-19.0,-1.0,-73.0,-5.0,-56.0,0.0,-57.0,-95.0,-104.0,105.0,-28.0,-79.0,13.0,-39.0,-124.0
1573077816379,-28800000,-10.0,124.0,-4.0,-82.0,29.0,11.0,0.0,8.0,-4.0,-96.0,2.0,31.0,-95.0,30.0,-23.0,-65.0,-63.0,13.0,5.0,-123.0
1573077816379,-28800000,-11.0,-85.0,-3.0,30.0,29.0,-111.0,-1.0,-33.0,-2.0,-101.0,2.0,21.0,-96.0,79.0,105.0,-126.0,1.0,11.0,101.0,-122.0
1573077816424,-28800000,-11.0,-87.0,-3.0,76.0,29.0,-119.0,-1.0,-77.0,-1.0,-97.0,1.0,113.0,-97.0,126.0,105.0,73.0,-95.0,9.0,-71.0,-121.0
1573077816475,-28800000,-11.0,-30.0,-3.0,83.0,29.0,52.0,0.0,5.0,-1.0,-97.0,1.0,122.0,-97.0,36.0,-23.0,53.0,-111.0,9.0,25.0,-120.0
1573077816513,-28800000,-11.0,-11.0,-3.0,79.0,29.0,-30.0,0.0,68.0,-2.0,-110.0,1.0,-94.0,-97.0,103.0,-87.0,72.0,49.0,9.0,-119.0,-119.0
1573077816575,-28800000,-10.0,48.0,-3.0,107.0,29.0,-67.0,0.0,10.0,-2.0,-124.0,1.0,-103.0,-97.0,124.0,-23.0,80.0,97.0,9.0,-79.0,-118.0
1573077816637,-28800000,-10.0,33.0,-3.0,121.0,29.0,98.0,0.0,15.0,-2.0,-98.0,1.0,-73.0,-97.0,-93.0,-23.0,93.0,113.0,10.0,13.0,-117.0
1573077816699,-28800000,-11.0,-92.0,-3.0,-79.0,29.0,83.0,0.0,9.0,-2.0,-7.0,1.0,-16.0,-97.0,-80.0,41.0,96.0,-79.0,10.0,69.0,-116.0
1573077816711,-28800000,-11.0,-127.0,-3.0,-44.0,29.0,-100.0,-1.0,-22.0,-1.0,98.0,1.0,-54.0,-97.0,-123.0,-87.0,85.0,97.0,10.0,13.0,-115.0
1573077816711,-28800000,-11.0,-119.0,-3.0,-42.0,29.0,-87.0,-1.0,-109.0,-1.0,100.0,1.0,105.0,-97.0,101.0,105.0,74.0,-47.0,9.0,-55.0,-114.0
1573077816773,-28800000,-11.0,-14.0,-3.0,-64.0,29.0,103.0,-1.0,86.0,-1.0,69.0,1.0,8.0,-98.0,-28.0,41.0,40.0,49.0,8.0,-43.0,-113.0
1573077816831,-28800000,-10.0,70.0,-3.0,-59.0,29.0,-97.0,-1.0,112.0,-1.0,47.0,0.0,-13.0,-98.0,-59.0,-87.0,32.0,-63.0,8.0,-95.0,-112.0
1573077816831,-28800000,-10.0,83.0,-3.0,-60.0,29.0,-126.0,-1.0,-126.0,-1.0,9.0,0.0,-3.0,-98.0,-84.0,-87.0,23.0,-111.0,8.0,105.0,-111.0
1573077816893,-28800000,-10.0,71.0,-3.0,-45.0,29.0,-113.0,-1.0,118.0,-2.0,-18.0,1.0,0.0,-98.0,-84.0,-87.0,22.0,-47.0,8.0,65.0,-110.0
1573077816949,-28800000,-10.0,20.0,-3.0,-27.0,29.0,-63.0,-1.0,69.0,-2.0,-12.0,1.0,1.0,-98.0,-52.0,41.0,27.0,-47.0,8.0,33.0,-109.0
1573077816949,-28800000,-10.0,32.0,-3.0,-61.0,29.0,-99.0,-1.0,4.0,-1.0,59.0,0.0,-38.0,-98.0,124.0,41.0,4.0,-31.0,7.0,53.0,-108.0
1573077817011,-28800000,-10.0,64.0,-3.0,-71.0,29.0,60.0,-1.0,11.0,-1.0,46.0,0.0,-72.0,-98.0,59.0,104.0,-13.0,65.0,6.0,-123.0,-107.0
1573077817070,-28800000,-10.0,124.0,-3.0,-90.0,29.0,61.0,-1.0,104.0,-1.0,103.0,0.0,-48.0,-98.0,55.0,-88.0,-15.0,97.0,6.0,77.0,-106.0
1573077817070,-28800000,-10.0,70.0,-3.0,-73.0,29.0,-103.0,-1.0,-112.0,-1.0,103.0,1.0,0.0,-98.0,-109.0,41.0,7.0,81.0,6.0,-19.0,-105.0
1573077817132,-28800000,-10.0,39.0,-3.0,-86.0,29.0,-86.0,-1.0,-100.0,-1.0,112.0,0.0,-16.0,-98.0,-63.0,-87.0,16.0,-95.0,7.0,53.0,-104.0
1573077817188,-28800000,-10.0,64.0,-3.0,-56.0,29.0,-59.0,-1.0,-118.0,-1.0,123.0,0.0,-33.0,-98.0,-47.0,41.0,18.0,113.0,7.0,33.0,-103.0
1573077817189,-28800000,-10.0,44.0,-3.0,-30.0,29.0,-84.0,-1.0,81.0,-1.0,101.0,0.0,-11.0,-98.0,-44.0,-23.0,18.0,1.0,7.0,37.0,-102.0
1573077817251,-28800000,-10.0,60.0,-3.0,-39.0,29.0,73.0,-1.0,72.0,-1.0,76.0,0.0,-39.0,-98.0,-70.0,105.0,10.0,17.0,6.0,-43.0,-101.0
1573077817313,-28800000,-10.0,34.0,-3.0,-27.0,29.0,99.0,-1.0,106.0,-1.0,-126.0,0.0,-27.0,-98.0,-113.0,-24.0,-2.0,-127.0,6.0,97.0,-100.0
1573077817375,-28800000,-10.0,36.0,-3.0,-23.0,29.0,-91.0,-1.0,116.0,-1.0,-112.0,0.0,-66.0,-98.0,107.0,-24.0,-12.0,-47.0,6.0,5.0,-99.0
1573077817437,-28800000,-10.0,47.0,-3.0,-38.0,29.0,-90.0,-1.0,88.0,-1.0,113.0,0.0,-64.0,-98.0,54.0,-24.0,-26.0,-15.0,5.0,125.0,-98.0
1573077817447,-28800000,-10.0,80.0,-3.0,-54.0,29.0,116.0,-1.0,85.0,-1.0,44.0,0.0,-38.0,-99.0,-24.0,40.0,-47.0,97.0,4.0,-11.0,-97.0
1573077817447,-28800000,-10.0,98.0,-3.0,-39.0,29.0,-107.0,-1.0,-126.0,-1.0,91.0,0.0,-2.0,-99.0,-54.0,104.0,-55.0,65.0,4.0,-55.0,-96.0
1573077817509,-28800000,-10.0,83.0,-3.0,-36.0,29.0,-103.0,-1.0,-117.0,-1.0,104.0,1.0,30.0,-99.0,-31.0,-24.0,-50.0,65.0,4.0,-15.0,-95.0
1573077817549,-28800000,-10.0,43.0,-3.0,-32.0,29.0,-127.0,-1.0,117.0,-1.0,48.0,1.0,29.0,-99.0,-23.0,104.0,-49.0,49.0,4.0,-15.0,-94.0
1573077817549,-28800000,-10.0,10.0,-3.0,-14.0,29.0,-117.0,-1.0,119.0,-1.0,9.0,1.0,2.0,-99.0,-40.0,-24.0,-53.0,-15.0,4.0,-27.0,-93.0
1573077817611,-28800000,-10.0,40.0,-3.0,-34.0,29.0,-94.0,-1.0,-93.0,-1.0,45.0,0.0,-19.0,-99.0,-41.0,-88.0,-54.0,-47.0,4.0,-27.0,-92.0
1573077817673,-28800000,-10.0,85.0,-3.0,-23.0,29.0,-123.0,-1.0,-126.0,-1.0,22.0,0.0,-41.0,-99.0,-44.0,40.0,-54.0,17.0,4.0,-59.0,-91.0
1573077817686,-28800000,-10.0,94.0,-2.0,0.0,29.0,-116.0,-1.0,114.0,-1.0,32.0,0.0,-45.0,-99.0,-81.0,-24.0,-65.0,49.0,4.0,-107.0,-90.0
1573077817748,-28800000,-10.0,-99.0,-3.0,-13.0,29.0,-116.0,-1.0,-102.0,-1.0,77.0,0.0,-51.0,-99.0,-100.0,40.0,-69.0,65.0,4.0,101.0,-89.0
1573077817789,-28800000,-10.0,95.0,-3.0,-15.0,29.0,-81.0,-1.0,-112.0,-1.0,79.0,0.0,-4.0,-99.0,-128.0,40.0,-78.0,-127.0,4.0,25.0,-88.0
1573077817789,-28800000,-10.0,111.0,-3.0,-9.0,29.0,123.0,-1.0,-125.0,-1.0,86.0,1.0,19.0,-99.0,117.0,40.0,-86.0,65.0,3.0,-11.0,-87.0
1573077817851,-28800000,-10.0,39.0,-2.0,26.0,29.0,-66.0,-1.0,123.0,-1.0,114.0,1.0,42.0,-99.0,107.0,40.0,-96.0,-31.0,3.0,-75.0,-86.0
1573077817913,-28800000,-10.0,79.0,-2.0,32.0,29.0,-50.0,-1.0,110.0,-1.0,74.0,0.0,-26.0,-99.0,-111.0,-24.0,-89.0,33.0,3.0,-111.0,-85.0
1573077817917,-28800000,-10.0,-105.0,-2.0,11.0,29.0,-111.0,-1.0,100.0,-1.0,110.0,0.0,-20.0,-99.0,-54.0,-88.0,-78.0,97.0,3.0,-91.0,-84.0
1573077817979,-28800000,-10.0,109.0,-3.0,-14.0,29.0,93.0,-1.0,108.0,-1.0,105.0,1.0,35.0,-98.0,12.0,-24.0,-65.0,97.0,3.0,-31.0,-83.0
1573077818041,-28800000,-10.0,99.0,-3.0,-48.0,28.0,-49.0,-1.0,-101.0,-1.0,20.0,1.0,50.0,-98.0,12.0,-24.0,-65.0,97.0,3.0,-31.0,-82.0
1573077818103,-28800000,-11.0,-20.0,-2.0,20.0,29.0,63.0,0.0,1.0,-2.0,-25.0,1.0,89.0,-98.0,79.0,40.0,-52.0,-127.0,4.0,65.0,-81.0
1573077818162,-28800000,-11.0,-68.0,-2.0,-125.0,30.0,100.0,0.0,49.0,-1.0,22.0,1.0,25.0,-98.0,-57.0,-24.0,-25.0,65.0,4.0,-11.0,-80.0
1573077818162,-28800000,-10.0,60.0,-2.0,-115.0,30.0,-35.0,-1.0,-35.0,-1.0,72.0,0.0,-114.0,-97.0,59.0,104.0,-1.0,-15.0,5.0,-87.0,-79.0
1573077818162,-28800000,-9.0,4.0,-2.0,118.0,30.0,78.0,-2.0,-4.0,-1.0,102.0,0.0,51.0,-97.0,-84.0,105.0,24.0,-15.0,6.0,77.0,-78.0
1573077818224,-28800000,-9.0,-110.0,-2.0,70.0,29.0,-60.0,-2.0,-92.0,-1.0,-103.0,0.0,77.0,-97.0,-47.0,105.0,31.0,-15.0,6.0,121.0,-77.0
1573077818280,-28800000,-8.0,4.0,-2.0,45.0,29.0,62.0,-2.0,-72.0,-1.0,-111.0,0.0,-70.0,-97.0,-59.0,41.0,26.0,-15.0,6.0,37.0,-76.0
1573077818280,-28800000,-9.0,126.0,-3.0,-36.0,29.0,16.0,-2.0,-18.0,-1.0,-88.0,1.0,-114.0,-97.0,96.0,-87.0,2.0,33.0,5.0,117.0,-75.0
1573077818342,-28800000,-10.0,110.0,-3.0,-72.0,29.0,118.0,-1.0,123.0,-1.0,-43.0,2.0,6.0,-97.0,71.0,-24.0,-5.0,-95.0,5.0,77.0,-74.0
1573077818404,-28800000,-11.0,83.0,-3.0,-17.0,29.0,-28.0,-1.0,-79.0,-1.0,-29.0,1.0,-15.0,-97.0,-126.0,41.0,9.0,-31.0,5.0,-71.0,-73.0
1573077818466,-28800000,-11.0,58.0,-2.0,67.0,29.0,-60.0,-1.0,-111.0,-1.0,-17.0,1.0,85.0,-97.0,-71.0,41.0,23.0,97.0,6.0,17.0,-72.0
1573077818528,-28800000,-11.0,-113.0,-2.0,102.0,29.0,-52.0,-1.0,106.0,0.0,32.0,0.0,-76.0,-97.0,-42.0,105.0,29.0,-111.0,6.0,97.0,-71.0
1573077818590,-28800000,-10.0,91.0,-2.0,99.0,29.0,-104.0,-1.0,62.0,0.0,27.0,0.0,60.0,-97.0,-48.0,-87.0,27.0,33.0,6.0,101.0,-70.0
1573077818633,-28800000,-10.0,-90.0,-2.0,40.0,29.0,-108.0,-1.0,29.0,0.0,38.0,0.0,88.0,-97.0,-46.0,-87.0,25.0,-79.0,6.0,113.0,-69.0
1573077818633,-28800000,-10.0,-121.0,-2.0,7.0,29.0,126.0,-1.0,22.0,0.0,6.0,0.0,-67.0,-97.0,-126.0,-23.0,4.0,-111.0,5.0,-43.0,-68.0
1573077818633,-28800000,-10.0,47.0,-2.0,5.0,29.0,90.0,-1.0,23.0,-1.0,-6.0,1.0,51.0,-97.0,73.0,104.0,-12.0,81.0,5.0,113.0,-67.0
1573077818748,-28800000,-11.0,-70.0,-2.0,78.0,29.0,110.0,-1.0,98.0,-1.0,-103.0,1.0,-127.0,-98.0,-24.0,104.0,-40.0,33.0,4.0,-51.0,-65.0
1573077818748,-28800000,-11.0,-89.0,-2.0,73.0,29.0,108.0,-1.0,105.0,-1.0,94.0,1.0,90.0,-98.0,-68.0,104.0,-53.0,113.0,4.0,117.0,-64.0
1573077818748,-28800000,-11.0,-52.0,-2.0,81.0,29.0,90.0,-1.0,121.0,-1.0,64.0,1.0,19.0,-98.0,84.0,40.0,-80.0,-79.0,3.0,-71.0,-63.0
1573077818810,-28800000,-10.0,30.0,-2.0,64.0,29.0,111.0,-1.0,-109.0,-1.0,50.0,0.0,-6.0,-99.0,-2.0,-88.0,-103.0,65.0,3.0,21.0,-62.0
1573077818870,-28800000,-11.0,-10.0,-2.0,51.0,29.0,-91.0,-1.0,-109.0,-1.0,17.0,1.0,15.0,-99.0,-59.0,40.0,-123.0,17.0,2.0,-111.0,-61.0
1573077818870,-28800000,-11.0,-23.0,-2.0,45.0,29.0,-95.0,-1.0,-111.0,-1.0,15.0,0.0,-22.0,-99.0,-115.0,-88.0,114.0,97.0,1.0,-31.0,-60.0
1573077818932,-28800000,-10.0,26.0,-2.0,70.0,29.0,-123.0,-1.0,-110.0,-2.0,-18.0,0.0,-54.0,-99.0,89.0,104.0,99.0,-31.0,1.0,109.0,-59.0
1573077818989,-28800000,-10.0,56.0,-2.0,105.0,29.0,-63.0,-1.0,-98.0,-2.0,-29.0,0.0,-47.0,-99.0,56.0,-88.0,92.0,1.0,0.0,-15.0,-58.0
1573077818989,-28800000,-10.0,109.0,-2.0,107.0,29.0,-36.0,-1.0,122.0,-2.0,-13.0,0.0,-48.0,-99.0,44.0,40.0,88.0,1.0,0.0,-39.0,-57.0
1573077819051,-28800000,-10.0,-69.0,-2.0,97.0,29.0,-44.0,-1.0,67.0,-1.0,10.0,0.0,-44.0,-99.0,31.0,40.0,84.0,-63.0,0.0,-95.0,-56.0
1573077819110,-28800000,-10.0,-56.0,-2.0,80.0,29.0,-62.0,-1.0,41.0,-1.0,65.0,1.0,10.0,-99.0,7.0,-24.0,77.0,-111.0,0.0,73.0,-55.0
1573077819110,-28800000,-10.0,-105.0,-2.0,72.0,29.0,-95.0,-1.0,39.0,-1.0,97.0,1.0,80.0,-100.0,-23.0,104.0,68.0,-127.0,0.0,21.0,-54.0
1573077819172,-28800000,-10.0,61.0,-2.0,109.0,29.0,127.0,-1.0,34.0,-1.0,89.0,1.0,108.0,-100.0,-18.0,-24.0,69.0,112.0,-1.0,-11.0,-53.0
1573077819229,-28800000,-10.0,15.0,-2.0,102.0,29.0,110.0,-1.0,76.0,-1.0,93.0,1.0,56.0,-99.0,0.0,-24.0,73.0,-96.0,-1.0,-31.0,-52.0
1573077819229,-28800000,-10.0,24.0,-2.0,98.0,29.0,-86.0,-1.0,-125.0,-1.0,113.0,1.0,9.0,-99.0,21.0,104.0,79.0,97.0,0.0,21.0,-51.0
1573077819291,-28800000,-10.0,70.0,-2.0,98.0,29.0,-62.0,-1.0,-108.0,-1.0,119.0,0.0,-46.0,-99.0,21.0,40.0,79.0,81.0,0.0,5.0,-50.0
1573077819349,-28800000,-10.0,71.0,-2.0,94.0,29.0,-50.0,-1.0,118.0,-1.0,115.0,0.0,-60.0,-100.0,-2.0,104.0,73.0,-64.0,-1.0,-39.0,-49.0
1573077819350,-28800000,-10.0,-124.0,-2.0,77.0,29.0,-71.0,-1.0,76.0,-1.0,-112.0,0.0,-66.0,-100.0,-77.0,-24.0,55.0,-112.0,-1.0,93.0,-48.0
1573077819412,-28800000,-10.0,-121.0,-2.0,88.0,29.0,-122.0,-1.0,37.0,-1.0,112.0,0.0,-25.0,-100.0,-83.0,-24.0,54.0,-48.0,-1.0,101.0,-47.0
1573077819474,-28800000,-10.0,114.0,-2.0,106.0,29.0,-110.0,-1.0,77.0,-1.0,116.0,1.0,27.0,-100.0,-43.0,40.0,65.0,112.0,-1.0,-91.0,-46.0
1573077819536,-28800000,-10.0,69.0,-2.0,122.0,29.0,124.0,-1.0,94.0,-1.0,79.0,1.0,64.0,-100.0,-1.0,-24.0,76.0,-127.0,0.0,1.0,-45.0
1573077819598,-28800000,-10.0,43.0,-2.0,119.0,29.0,124.0,-1.0,-124.0,-1.0,83.0,1.0,56.0,-99.0,10.0,-88.0,79.0,-15.0,0.0,9.0,-44.0
1573077819601,-28800000,-10.0,11.0,-2.0,108.0,29.0,-88.0,-1.0,-89.0,-1.0,95.0,1.0,45.0,-100.0,-9.0,104.0,75.0,-16.0,-1.0,-27.0,-43.0
1573077819602,-28800000,-10.0,32.0,-2.0,120.0,29.0,-108.0,-1.0,-124.0,-1.0,46.0,1.0,11.0,-100.0,-74.0,-24.0,60.0,-16.0,-1.0,-115.0,-42.0
1573077819664,-28800000,-11.0,-12.0,-2.0,125.0,29.0,-74.0,-1.0,-120.0,-1.0,48.0,0.0,-6.0,-100.0,-80.0,-24.0,60.0,80.0,-1.0,-123.0,-41.0
1573077819709,-28800000,-10.0,101.0,-2.0,-123.0,29.0,-104.0,-1.0,-118.0,-1.0,55.0,0.0,-51.0,-100.0,-78.0,104.0,61.0,-48.0,-1.0,-115.0,-40.0
1573077819710,-28800000,-10.0,-125.0,-2.0,-110.0,29.0,119.0,-1.0,-121.0,-1.0,38.0,0.0,-36.0,-100.0,-71.0,40.0,63.0,32.0,-1.0,-79.0,-39.0
1573077819772,-28800000,-10.0,122.0,-2.0,-117.0,29.0,-91.0,-1.0,-87.0,-1.0,65.0,0.0,-32.0,-100.0,-67.0,104.0,59.0,-80.0,-1.0,-95.0,-38.0
1573077819830,-28800000,-10.0,127.0,-2.0,-115.0,29.0,-56.0,-1.0,-101.0,-1.0,42.0,0.0,-51.0,-100.0,-122.0,-88.0,42.0,16.0,-1.0,21.0,-37.0
1573077819831,-28800000,-10.0,-110.0,-2.0,-121.0,29.0,-50.0,-1.0,-104.0,-1.0,56.0,0.0,-30.0,-100.0,70.0,-88.0,25.0,16.0,-2.0,117.0,-36.0
1573077819893,-28800000,-10.0,105.0,-2.0,-103.0,29.0,-95.0,-1.0,-122.0,-1.0,46.0,0.0,-1.0,-100.0,63.0,104.0,22.0,-64.0,-2.0,37.0,-35.0
1573077819952,-28800000,-10.0,113.0,-2.0,-94.0,29.0,-124.0,-1.0,124.0,-1.0,53.0,0.0,-26.0,-100.0,9.0,104.0,9.0,-48.0,-3.0,-63.0,-34.0
1573077819952,-28800000,-10.0,93.0,-2.0,-90.0,29.0,-114.0,-1.0,-88.0,-1.0,68.0,0.0,-20.0,-101.0,-68.0,103.0,-5.0,16.0,-3.0,17.0,-33.0
1573077820014,-28800000,-10.0,63.0,-2.0,-69.0,30.0,5.0,-1.0,-41.0,-1.0,92.0,0.0,-45.0,-101.0,102.0,-25.0,-26.0,-64.0,-4.0,109.0,-32.0
1573077820070,-28800000,-10.0,-107.0,-2.0,-89.0,29.0,-62.0,-1.0,-111.0,-1.0,57.0,0.0,-92.0,-102.0,-11.0,39.0,-54.0,-128.0,-5.0,-95.0,-31.0
1573077820071,-28800000,-10.0,-120.0,-2.0,-72.0,29.0,-94.0,-1.0,114.0,-1.0,62.0,0.0,-65.0,-102.0,119.0,-89.0,-86.0,64.0,-6.0,-79.0,-30.0
1573077820133,-28800000,-10.0,-84.0,-2.0,-52.0,29.0,-50.0,-1.0,127.0,-1.0,92.0,0.0,-75.0,-102.0,14.0,-89.0,-112.0,-64.0,-7.0,-3.0,-29.0
1573077820190,-28800000,-10.0,-75.0,-2.0,-61.0,29.0,-113.0,-1.0,111.0,-1.0,53.0,0.0,-55.0,-103.0,-36.0,-89.0,-124.0,96.0,-7.0,-79.0,-28.0
1573077820191,-28800000,-10.0,-101.0,-2.0,-57.0,29.0,-28.0,-1.0,-101.0,-1.0,89.0,0.0,-37.0,-103.0,-25.0,103.0,-121.0,-112.0,-7.0,-67.0,-27.0
1573077820253,-28800000,-10.0,105.0,-2.0,-27.0,30.0,13.0,-1.0,-115.0,-1.0,79.0,0.0,-37.0,-103.0,-42.0,39.0,-125.0,-112.0,-7.0,-67.0,-26.0
1573077820311,-28800000,-10.0,-107.0,-2.0,-42.0,29.0,-41.0,-1.0,100.0,-1.0,88.0,0.0,-67.0,-103.0,-40.0,-25.0,-124.0,112.0,-7.0,-63.0,-25.0
1573077820311,-28800000,-10.0,-99.0,-2.0,-58.0,29.0,-60.0,-1.0,70.0,-1.0,110.0,0.0,-77.0,-103.0,-53.0,103.0,-126.0,64.0,-7.0,-83.0,-24.0
1573077820373,-28800000,-10.0,-68.0,-2.0,-64.0,29.0,-101.0,-1.0,66.0,-1.0,127.0,0.0,-75.0,-103.0,-89.0,-89.0,121.0,16.0,-7.0,113.0,-23.0
1573077820431,-28800000,-10.0,-113.0,-2.0,-65.0,29.0,-82.0,-1.0,72.0,-1.0,117.0,0.0,-50.0,-103.0,-106.0,-25.0,117.0,-32.0,-7.0,113.0,-22.0
1573077820431,-28800000,-10.0,-88.0,-2.0,-72.0,29.0,-84.0,-1.0,86.0,-1.0,116.0,0.0,-48.0,-103.0,-123.0,-89.0,114.0,64.0,-7.0,69.0,-21.0
1573077820493,-28800000,-10.0,-91.0,-2.0,-92.0,29.0,-74.0,-1.0,91.0,-1.0,110.0,0.0,-27.0,-103.0,126.0,103.0,112.0,-96.0,-7.0,81.0,-20.0
1573077820551,-28800000,-10.0,121.0,-2.0,-76.0,29.0,-49.0,-1.0,96.0,-1.0,125.0,0.0,-21.0,-103.0,123.0,39.0,112.0,-80.0,-7.0,81.0,-19.0
1573077820551,-28800000,-10.0,106.0,-2.0,-52.0,29.0,-93.0,-1.0,97.0,-1.0,121.0,0.0,-35.0,-103.0,112.0,103.0,110.0,48.0,-7.0,81.0,-18.0
1573077820613,-28800000,-10.0,104.0,-2.0,-32.0,29.0,-94.0,-1.0,123.0,-1.0,117.0,0.0,-78.0,-103.0,103.0,-25.0,108.0,-48.0,-7.0,89.0,-17.0
1573077820670,-28800000,-10.0,-118.0,-2.0,-56.0,29.0,-51.0,-1.0,-128.0,-1.0,118.0,0.0,-110.0,-103.0,102.0,103.0,109.0,-128.0,-7.0,89.0,-16.0
1573077820670,-28800000,-10.0,-113.0,-2.0,-49.0,29.0,-45.0,-1.0,-122.0,-1.0,-116.0,0.0,-92.0,-103.0,109.0,-89.0,110.0,-112.0,-7.0,125.0,-15.0
1573077828395,-28800000,-7.0,-4.0,-7.0,-64.0,29.0,-36.0,-1.0,-93.0,-1.0,122.0,0.0,-35.0,97.0,-3.0,89.0,-115.0,-48.0,-112.0,-98.0,-78.0
1573077828441,-28800000,-7.0,-19.0,-7.0,-53.0,29.0,-95.0,0.0,105.0,-1.0,28.0,0.0,-10.0,100.0,-111.0,26.0,70.0,-16.0,-107.0,102.0,-77.0
1573077828484,-28800000,-6.0,41.0,-6.0,7.0,30.0,59.0,2.0,-90.0,-3.0,-45.0,1.0,49.0,102.0,-111.0,-38.0,-39.0,112.0,-103.0,2.0,-76.0
1573077828529,-28800000,-6.0,24.0,-6.0,-98.0,30.0,47.0,3.0,103.0,-4.0,-4.0,1.0,-103.0,103.0,98.0,-101.0,38.0,96.0,-101.0,26.0,-75.0
1573077828574,-28800000,-6.0,-98.0,-5.0,59.0,29.0,-24.0,2.0,-32.0,-2.0,75.0,1.0,-110.0,105.0,71.0,91.0,-86.0,32.0,-98.0,102.0,-74.0
1573077828618,-28800000,-6.0,34.0,-6.0,42.0,30.0,-33.0,0.0,-24.0,-3.0,-58.0,0.0,-49.0,104.0,49.0,-37.0,-121.0,112.0,-99.0,42.0,-73.0
1573077828664,-28800000,-6.0,-67.0,-5.0,80.0,30.0,-108.0,3.0,-25.0,-9.0,45.0,1.0,-122.0,101.0,-120.0,-101.0,21.0,112.0,-103.0,-38.0,-72.0
1573077828664,-28800000,-4.0,-117.0,-3.0,81.0,31.0,52.0,4.0,-72.0,-14.0,17.0,0.0,-4.0,101.0,71.0,-37.0,59.0,80.0,-102.0,-34.0,-71.0
1573077828709,-28800000,-4.0,-122.0,-5.0,-70.0,33.0,-111.0,-4.0,-9.0,-16.0,-88.0,-1.0,-45.0,102.0,-37.0,91.0,-63.0,-32.0,-98.0,10.0,-70.0
1573077828754,-28800000,-3.0,66.0,-5.0,-92.0,33.0,-9.0,-8.0,40.0,-24.0,107.0,-1.0,29.0,101.0,-16.0,91.0,-78.0,32.0,-99.0,66.0,-69.0
1573077828798,-28800000,0.0,-22.0,-4.0,59.0,33.0,-51.0,-11.0,108.0,-45.0,32.0,-2.0,-86.0,91.0,53.0,-103.0,44.0,48.0,-117.0,-2.0,-68.0
1573077828844,-28800000,10.0,-52.0,-9.0,-57.0,27.0,-78.0,-28.0,-30.0,-82.0,-95.0,-1.0,6.0,75.0,116.0,85.0,69.0,-48.0,114.0,50.0,-67.0
1573077828890,-28800000,17.0,50.0,-9.0,62.0,12.0,11.0,-27.0,38.0,-79.0,115.0,-5.0,-8.0,55.0,31.0,-113.0,-3.0,96.0,81.0,-126.0,-66.0
1573077828934,-28800000,22.0,92.0,-12.0,93.0,14.0,-38.0,-16.0,-86.0,-54.0,-60.0,-3.0,-85.0,48.0,81.0,78.0,91.0,-128.0,72.0,50.0,-65.0
1573077828979,-28800000,26.0,-67.0,-13.0,107.0,10.0,-106.0,-10.0,39.0,-38.0,31.0,-1.0,89.0,46.0,73.0,-51.0,-46.0,-96.0,69.0,50.0,-64.0
1573077829023,-28800000,26.0,74.0,-13.0,-119.0,10.0,79.0,-5.0,77.0,-22.0,-1.0,0.0,55.0,46.0,84.0,13.0,-32.0,-64.0,69.0,-118.0,-63.0
1573077829023,-28800000,27.0,33.0,-13.0,-56.0,12.0,122.0,-2.0,115.0,-16.0,64.0,0.0,57.0,46.0,-86.0,13.0,-3.0,-48.0,70.0,74.0,-62.0
1573077829070,-28800000,28.0,52.0,-12.0,75.0,11.0,13.0,-2.0,85.0,-17.0,-76.0,1.0,-60.0,46.0,85.0,13.0,-22.0,96.0,69.0,-18.0,-61.0
1573077829114,-28800000,27.0,-88.0,-12.0,61.0,10.0,-88.0,-2.0,34.0,-14.0,123.0,3.0,94.0,46.0,19.0,77.0,-37.0,-48.0,69.0,-74.0,-60.0
1573077829159,-28800000,26.0,-51.0,-13.0,-56.0,8.0,-116.0,-3.0,96.0,-11.0,111.0,3.0,68.0,45.0,-45.0,-51.0,-52.0,-32.0,69.0,118.0,-59.0
1573077829203,-28800000,26.0,107.0,-13.0,-97.0,9.0,101.0,-2.0,111.0,-6.0,-116.0,1.0,-116.0,46.0,11.0,77.0,-35.0,-16.0,69.0,-66.0,-58.0
1573077829249,-28800000,27.0,-32.0,-13.0,68.0,8.0,50.0,-3.0,-73.0,-9.0,115.0,1.0,123.0,46.0,24.0,-51.0,-29.0,48.0,69.0,-22.0,-57.0
1573077829294,-28800000,26.0,-22.0,-13.0,105.0,6.0,-19.0,-2.0,99.0,-6.0,-128.0,0.0,-14.0,45.0,-86.0,77.0,-59.0,48.0,69.0,62.0,-56.0
1573077829339,-28800000,26.0,-120.0,-13.0,79.0,6.0,-90.0,-1.0,-50.0,-1.0,46.0,-1.0,-78.0,45.0,40.0,77.0,-96.0,-96.0,68.0,94.0,-55.0
1573077829383,-28800000,27.0,-74.0,-13.0,121.0,6.0,-73.0,0.0,-34.0,4.0,8.0,-2.0,-108.0,44.0,-11.0,-51.0,-109.0,112.0,68.0,30.0,-54.0
1573077829384,-28800000,27.0,68.0,-13.0,-55.0,7.0,77.0,1.0,-2.0,11.0,98.0,-3.0,-49.0,45.0,61.0,13.0,-90.0,80.0,68.0,106.0,-53.0
1573077829428,-28800000,24.0,-21.0,-12.0,-32.0,10.0,72.0,3.0,-18.0,27.0,-23.0,-4.0,83.0,45.0,-33.0,77.0,-46.0,80.0,69.0,102.0,-52.0
1573077829474,-28800000,24.0,80.0,-10.0,22.0,14.0,-55.0,2.0,-26.0,62.0,28.0,-1.0,-47.0,49.0,-22.0,78.0,-28.0,32.0,75.0,98.0,-51.0
1573077829519,-28800000,22.0,-55.0,-15.0,-57.0,23.0,44.0,3.0,-52.0,100.0,80.0,11.0,89.0,65.0,-96.0,-110.0,-28.0,112.0,99.0,-22.0,-50.0
1573077829563,-28800000,14.0,121.0,-14.0,25.0,28.0,21.0,13.0,22.0,109.0,-44.0,18.0,110.0,81.0,-88.0,-42.0,-116.0,-128.0,123.0,-78.0,-49.0
1573077829608,-28800000,-2.0,32.0,-10.0,82.0,27.0,101.0,14.0,124.0,120.0,-123.0,26.0,-23.0,95.0,1.0,-39.0,-118.0,-32.0,-110.0,-38.0,-48.0
1573077829655,-28800000,-14.0,-13.0,-7.0,75.0,33.0,-30.0,8.0,50.0,126.0,-81.0,26.0,-101.0,-128.0,-114.0,33.0,94.0,-112.0,-54.0,-90.0,-47.0
1573077829699,-28800000,-15.0,98.0,-6.0,29.0,27.0,84.0,8.0,-75.0,95.0,-18.0,19.0,-49.0,-128.0,-114.0,33.0,94.0,-112.0,-54.0,-90.0,-46.0
1573077829743,-28800000,-25.0,5.0,-9.0,-127.0,20.0,47.0,-5.0,69.0,69.0,8.0,17.0,1.0,-118.0,-27.0,35.0,-13.0,-112.0,-38.0,46.0,-45.0
1573077829743,-28800000,-30.0,-89.0,-6.0,21.0,13.0,89.0,-2.0,-84.0,52.0,-82.0,9.0,61.0,125.0,-85.0,-98.0,-92.0,-128.0,-63.0,-82.0,-44.0
1573077829789,-28800000,-27.0,20.0,-5.0,106.0,11.0,-97.0,8.0,109.0,38.0,0.0,-5.0,-113.0,94.0,-77.0,-106.0,-92.0,-112.0,-117.0,-50.0,-43.0
1573077829835,-28800000,-30.0,-74.0,-7.0,8.0,11.0,88.0,9.0,-50.0,31.0,121.0,-10.0,-123.0,75.0,-24.0,-46.0,109.0,-32.0,107.0,-6.0,-42.0
1573077829879,-28800000,-29.0,54.0,-10.0,-86.0,9.0,79.0,2.0,-101.0,24.0,-2.0,-8.0,23.0,68.0,63.0,-112.0,-117.0,-112.0,95.0,82.0,-41.0
1573077829924,-28800000,-30.0,-34.0,-9.0,63.0,8.0,-103.0,-1.0,-80.0,14.0,118.0,-3.0,-81.0,59.0,-100.0,14.0,-119.0,-96.0,81.0,118.0,-40.0
1573077829968,-28800000,-29.0,66.0,-9.0,120.0,8.0,-119.0,-1.0,56.0,3.0,65.0,-3.0,84.0,51.0,-31.0,76.0,-25.0,32.0,70.0,126.0,-39.0
1573077830013,-28800000,-30.0,-33.0,-9.0,76.0,8.0,23.0,-1.0,-59.0,2.0,-102.0,-4.0,40.0,49.0,41.0,-116.0,96.0,-16.0,66.0,-22.0,-38.0
1573077830059,-28800000,-29.0,103.0,-9.0,16.0,7.0,57.0,1.0,-104.0,2.0,79.0,-3.0,101.0,47.0,-15.0,12.0,41.0,-80.0,65.0,54.0,-37.0
1573077830104,-28800000,-28.0,6.0,-9.0,81.0,7.0,-121.0,2.0,15.0,-1.0,-62.0,-1.0,26.0,47.0,115.0,12.0,15.0,48.0,64.0,94.0,-36.0
1573077830104,-28800000,-30.0,74.0,-9.0,41.0,8.0,48.0,4.0,80.0,-1.0,85.0,-1.0,110.0,47.0,117.0,76.0,11.0,48.0,64.0,82.0,-35.0
1573077830148,-28800000,-31.0,-55.0,-10.0,-50.0,8.0,120.0,4.0,-104.0,0.0,121.0,-1.0,10.0,48.0,20.0,-116.0,36.0,80.0,64.0,-14.0,-34.0
1573077830193,-28800000,-29.0,58.0,-10.0,-70.0,8.0,30.0,1.0,-51.0,-2.0,-36.0,-1.0,94.0,48.0,-57.0,-116.0,66.0,96.0,65.0,-98.0,-33.0
1573077830239,-28800000,-29.0,-29.0,-10.0,-27.0,8.0,28.0,0.0,-108.0,-4.0,-97.0,0.0,43.0,49.0,69.0,12.0,91.0,-128.0,66.0,74.0,-32.0
1573077830284,-28800000,-29.0,75.0,-10.0,-6.0,9.0,57.0,1.0,66.0,-5.0,113.0,1.0,6.0,49.0,-37.0,12.0,123.0,-32.0,67.0,34.0,-31.0
1573077830329,-28800000,-30.0,-6.0,-9.0,7.0,9.0,112.0,0.0,33.0,-11.0,119.0,-1.0,29.0,50.0,-107.0,76.0,-93.0,-112.0,68.0,58.0,-30.0
1573077830373,-28800000,-27.0,28.0,-10.0,-40.0,9.0,109.0,1.0,38.0,-25.0,35.0,-5.0,11.0,51.0,-18.0,76.0,-14.0,32.0,70.0,86.0,-29.0
1573077830418,-28800000,-24.0,32.0,-10.0,-68.0,15.0,-103.0,8.0,41.0,-49.0,-34.0,-5.0,42.0,55.0,122.0,-115.0,-59.0,96.0,75.0,-34.0,-28.0
1573077830464,-28800000,-23.0,-65.0,-9.0,38.0,22.0,-60.0,18.0,34.0,-84.0,110.0,-4.0,-61.0,63.0,-55.0,-49.0,-69.0,96.0,89.0,70.0,-27.0
1573077830464,-28800000,-18.0,-103.0,-7.0,102.0,26.0,-8.0,21.0,-89.0,-116.0,-76.0,-4.0,-61.0,74.0,-28.0,18.0,-95.0,0.0,108.0,-22.0,-26.0
1573077830509,-28800000,-8.0,13.0,-5.0,-4.0,31.0,48.0,14.0,-22.0,-120.0,34.0,0.0,109.0,77.0,-28.0,84.0,28.0,-80.0,118.0,42.0,-25.0
1573077830554,-28800000,1.0,64.0,-5.0,14.0,32.0,-36.0,-4.0,-123.0,-113.0,123.0,4.0,-41.0,75.0,30.0,84.0,55.0,96.0,118.0,114.0,-24.0
1573077830598,-28800000,11.0,40.0,-6.0,4.0,26.0,76.0,-11.0,-122.0,-115.0,-109.0,8.0,82.0,71.0,75.0,-109.0,-71.0,-48.0,114.0,-50.0,-23.0
1573077830644,-28800000,20.0,-112.0,-10.0,12.0,19.0,-71.0,-9.0,-68.0,-102.0,-70.0,5.0,63.0,64.0,81.0,82.0,81.0,112.0,105.0,-90.0,-22.0
1573077830689,-28800000,26.0,37.0,-11.0,81.0,14.0,-112.0,-5.0,74.0,-69.0,18.0,-3.0,-103.0,55.0,109.0,16.0,86.0,-96.0,92.0,-46.0,-21.0
1573077830733,-28800000,28.0,5.0,-11.0,-122.0,10.0,105.0,-3.0,56.0,-50.0,8.0,-4.0,-35.0,47.0,-79.0,78.0,-112.0,48.0,80.0,-82.0,-20.0
1573077830778,-28800000,28.0,-11.0,-10.0,-102.0,9.0,-92.0,-3.0,-93.0,-29.0,-29.0,-4.0,-121.0,41.0,98.0,12.0,-9.0,-32.0,70.0,114.0,-19.0
1573077830824,-28800000,30.0,8.0,-9.0,-86.0,9.0,93.0,-2.0,-112.0,-14.0,117.0,-3.0,48.0,39.0,94.0,76.0,-126.0,80.0,67.0,-126.0,-18.0
1573077830824,-28800000,30.0,20.0,-8.0,-25.0,9.0,-6.0,-3.0,81.0,-7.0,63.0,-2.0,-98.0,39.0,17.0,76.0,117.0,-32.0,66.0,-18.0,-17.0
1573077830869,-28800000,30.0,46.0,-8.0,58.0,9.0,74.0,-4.0,-63.0,-4.0,-41.0,1.0,-123.0,39.0,111.0,12.0,-108.0,-32.0,67.0,98.0,-16.0
1573077830914,-28800000,29.0,20.0,-8.0,99.0,9.0,18.0,-1.0,111.0,-7.0,-63.0,1.0,-23.0,39.0,-121.0,12.0,-110.0,-48.0,67.0,50.0,-15.0
1573077830958,-28800000,28.0,-127.0,-9.0,-4.0,8.0,115.0,0.0,43.0,-3.0,122.0,1.0,17.0,38.0,110.0,76.0,67.0,0.0,65.0,94.0,-14.0
1573077831003,-28800000,29.0,-125.0,-8.0,-88.0,9.0,-54.0,-1.0,119.0,-4.0,-3.0,1.0,-19.0,38.0,71.0,12.0,60.0,32.0,65.0,30.0,-13.0
1573077831049,-28800000,29.0,66.0,-8.0,5.0,8.0,99.0,-1.0,4.0,-4.0,107.0,3.0,71.0,38.0,103.0,76.0,67.0,-80.0,65.0,22.0,-12.0
1573077831095,-28800000,28.0,100.0,-9.0,-34.0,8.0,20.0,0.0,2.0,-1.0,-22.0,1.0,53.0,38.0,105.0,12.0,68.0,16.0,65.0,46.0,-11.0
1573077831140,-28800000,29.0,31.0,-8.0,69.0,8.0,-1.0,0.0,108.0,0.0,18.0,0.0,7.0,38.0,-128.0,12.0,75.0,-112.0,65.0,54.0,-10.0
1573077831202,-28800000,29.0,-13.0,-8.0,27.0,8.0,124.0,0.0,-8.0,-1.0,124.0,0.0,-75.0,38.0,-128.0,76.0,77.0,-112.0,65.0,58.0,-9.0
1573077831229,-28800000,29.0,86.0,-9.0,-5.0,8.0,44.0,1.0,-38.0,-3.0,-43.0,1.0,-84.0,38.0,-95.0,-116.0,92.0,-64.0,65.0,-122.0,-8.0
1573077831229,-28800000,28.0,16.0,-9.0,-27.0,8.0,67.0,0.0,-17.0,2.0,63.0,0.0,-110.0,38.0,-113.0,12.0,91.0,16.0,65.0,-122.0,-7.0
1573077831273,-28800000,28.0,89.0,-8.0,71.0,9.0,75.0,1.0,72.0,12.0,12.0,-3.0,113.0,38.0,-37.0,12.0,117.0,32.0,66.0,38.0,-6.0
1573077831320,-28800000,26.0,57.0,-9.0,-46.0,9.0,-82.0,0.0,65.0,38.0,113.0,-8.0,68.0,40.0,-114.0,12.0,-3.0,48.0,69.0,-122.0,-5.0
1573077831363,-28800000,27.0,-50.0,-9.0,34.0,17.0,27.0,8.0,-106.0,82.0,101.0,-14.0,111.0,41.0,57.0,77.0,33.0,96.0,71.0,98.0,-4.0
1573077831408,-28800000,19.0,-105.0,-8.0,99.0,29.0,112.0,-9.0,-52.0,117.0,112.0,-4.0,67.0,49.0,27.0,15.0,54.0,-80.0,83.0,82.0,-3.0
1573077831453,-28800000,10.0,-12.0,-8.0,-83.0,32.0,126.0,-16.0,-40.0,120.0,87.0,6.0,58.0,60.0,-4.0,-46.0,43.0,-64.0,97.0,-62.0,-2.0
1573077831497,-28800000,1.0,-61.0,-6.0,18.0,29.0,112.0,-16.0,37.0,109.0,112.0,21.0,-116.0,66.0,-29.0,-109.0,-78.0,96.0,103.0,-106.0,-1.0
1573077831542,-28800000,-10.0,85.0,-7.0,-19.0,25.0,-18.0,0.0,72.0,100.0,-46.0,26.0,8.0,65.0,-39.0,19.0,119.0,-64.0,100.0,59.0,0.0
1573077831543,-28800000,-17.0,-16.0,-2.0,-114.0,23.0,57.0,10.0,-42.0,83.0,-17.0,21.0,22.0,62.0,-23.0,82.0,110.0,-64.0,94.0,-89.0,1.0
1573077831587,-28800000,-25.0,71.0,-5.0,-114.0,22.0,7.0,18.0,34.0,52.0,10.0,10.0,-35.0,61.0,68.0,-111.0,67.0,80.0,90.0,-41.0,2.0
1573077831633,-28800000,-28.0,-101.0,-4.0,-52.0,18.0,79.0,5.0,80.0,28.0,83.0,-3.0,116.0,62.0,14.0,-111.0,42.0,64.0,91.0,-21.0,3.0
1573077831679,-28800000,-30.0,39.0,-3.0,-6.0,20.0,-84.0,3.0,35.0,16.0,-1.0,-7.0,68.0,67.0,34.0,-110.0,-106.0,-112.0,101.0,91.0,4.0
1573077831723,-28800000,-26.0,12.0,-6.0,-5.0,19.0,3.0,-4.0,-27.0,8.0,-78.0,-12.0,81.0,80.0,110.0,-42.0,41.0,-112.0,125.0,-65.0,5.0
1573077831768,-28800000,-23.0,121.0,-7.0,99.0,17.0,104.0,-2.0,14.0,8.0,19.0,-11.0,-68.0,98.0,-96.0,91.0,26.0,48.0,-96.0,-97.0,6.0
1573077831813,-28800000,-23.0,75.0,-7.0,65.0,16.0,48.0,-3.0,-97.0,7.0,-40.0,-6.0,-110.0,115.0,122.0,-97.0,-125.0,-112.0,-64.0,-37.0,7.0
1573077831859,-28800000,-24.0,-23.0,-7.0,10.0,16.0,-100.0,1.0,97.0,5.0,49.0,-6.0,-54.0,123.0,-50.0,-95.0,-99.0,-128.0,-48.0,-113.0,8.0
1573077831903,-28800000,-24.0,-59.0,-8.0,33.0,15.0,23.0,1.0,-59.0,2.0,75.0,-4.0,92.0,126.0,-97.0,-30.0,80.0,-80.0,-42.0,67.0,9.0
1573077831903,-28800000,-23.0,40.0,-8.0,53.0,17.0,13.0,3.0,76.0,-1.0,-75.0,-2.0,-89.0,-126.0,-108.0,99.0,111.0,80.0,-34.0,-37.0,10.0
1573077831949,-28800000,-26.0,41.0,-8.0,-2.0,18.0,-123.0,1.0,-116.0,-1.0,-117.0,0.0,-37.0,-121.0,-38.0,36.0,-54.0,0.0,-23.0,47.0,11.0
1573077831993,-28800000,-26.0,-63.0,-8.0,-59.0,18.0,-109.0,1.0,11.0,-2.0,-55.0,-1.0,111.0,-117.0,-42.0,-27.0,-41.0,-16.0,-15.0,3.0,12.0
1573077832040,-28800000,-24.0,50.0,-8.0,-49.0,17.0,-102.0,0.0,-91.0,-2.0,-12.0,-2.0,-2.0,-115.0,-53.0,38.0,83.0,16.0,-12.0,-93.0,13.0
1573077832083,-28800000,-25.0,88.0,-8.0,-12.0,17.0,-64.0,-1.0,-50.0,-1.0,95.0,-1.0,-21.0,-116.0,47.0,-91.0,-46.0,-16.0,-15.0,-101.0,14.0
1573077832129,-28800000,-26.0,108.0,-7.0,99.0,17.0,-73.0,0.0,45.0,-3.0,-17.0,-1.0,118.0,-117.0,38.0,101.0,-116.0,16.0,-17.0,-69.0,15.0
1573077832174,-28800000,-26.0,-2.0,-7.0,15.0,17.0,-62.0,1.0,-2.0,-4.0,-82.0,-4.0,77.0,-118.0,119.0,-27.0,105.0,16.0,-18.0,-89.0,16.0
1573077832236,-28800000,-25.0,58.0,-8.0,-121.0,18.0,-89.0,1.0,-15.0,-3.0,-125.0,-6.0,-32.0,-118.0,-113.0,-91.0,-127.0,-64.0,-17.0,43.0,17.0
1573077832264,-28800000,-24.0,8.0,-9.0,-33.0,18.0,-115.0,-1.0,-59.0,-3.0,-96.0,-5.0,-36.0,-118.0,-92.0,-91.0,-108.0,16.0,-17.0,103.0,18.0
1573077832264,-28800000,-24.0,-116.0,-9.0,-70.0,18.0,109.0,-2.0,-51.0,-2.0,10.0,-3.0,-24.0,-119.0,-64.0,-27.0,93.0,64.0,-19.0,107.0,19.0
1573077832309,-28800000,-24.0,84.0,-9.0,-75.0,18.0,121.0,-2.0,-19.0,-3.0,-5.0,-1.0,9.0,-120.0,63.0,-92.0,-1.0,0.0,-22.0,111.0,20.0
1573077832353,-28800000,-24.0,22.0,-9.0,-86.0,18.0,-77.0,-1.0,90.0,-3.0,-64.0,-1.0,93.0,-121.0,-54.0,100.0,-28.0,112.0,-23.0,-117.0,21.0
1573077832397,-28800000,-24.0,119.0,-9.0,-102.0,18.0,-12.0,-1.0,85.0,-2.0,83.0,-1.0,-19.0,-121.0,-35.0,-92.0,-22.0,-64.0,-23.0,-77.0,22.0
1573077832442,-28800000,-24.0,-7.0,-9.0,121.0,18.0,-10.0,-2.0,-65.0,-2.0,54.0,0.0,90.0,-121.0,-95.0,-28.0,-41.0,-96.0,-23.0,23.0,23.0
1573077832488,-28800000,-23.0,-126.0,-9.0,57.0,19.0,29.0,-2.0,-110.0,-2.0,90.0,0.0,-10.0,-122.0,101.0,36.0,127.0,32.0,-26.0,115.0,24.0
1573077832533,-28800000,-24.0,-89.0,-9.0,115.0,19.0,0.0,-2.0,-95.0,-2.0,-108.0,2.0,45.0,-124.0,60.0,99.0,-22.0,0.0,-30.0,59.0,25.0
1573077832578,-28800000,-25.0,-17.0,-9.0,-30.0,19.0,18.0,-2.0,-107.0,-2.0,-49.0,2.0,-103.0,-127.0,125.0,99.0,44.0,-128.0,-36.0,-73.0,26.0
1573077832623,-28800000,-25.0,-34.0,-9.0,-4.0,18.0,-6.0,-2.0,-40.0,-1.0,49.0,1.0,-1.0,127.0,125.0,-94.0,-96.0,-112.0,-40.0,-61.0,27.0
1573077832623,-28800000,-25.0,-76.0,-9.0,-15.0,18.0,-82.0,-2.0,-18.0,-1.0,-43.0,1.0,-104.0,126.0,28.0,-94.0,62.0,80.0,-43.0,-17.0,28.0
1573077832668,-28800000,-24.0,-45.0,-9.0,102.0,18.0,113.0,-2.0,-73.0,-1.0,-63.0,1.0,47.0,123.0,45.0,-95.0,109.0,-48.0,-49.0,-57.0,29.0
1573077832713,-28800000,-23.0,22.0,-9.0,-107.0,18.0,98.0,-2.0,-120.0,-1.0,43.0,2.0,29.0,118.0,-11.0,-32.0,74.0,-64.0,-57.0,-121.0,30.0
1573077832758,-28800000,-23.0,-116.0,-9.0,-85.0,18.0,-96.0,-1.0,-55.0,-2.0,-27.0,2.0,-49.0,117.0,126.0,95.0,-8.0,-16.0,-60.0,-29.0,31.0
1573077832803,-28800000,-23.0,-59.0,-9.0,-22.0,18.0,-6.0,1.0,101.0,-2.0,18.0,3.0,-40.0,119.0,50.0,-32.0,99.0,-128.0,-56.0,47.0,32.0
1573077832848,-28800000,-23.0,-74.0,-8.0,114.0,19.0,111.0,2.0,-43.0,-3.0,62.0,6.0,25.0,122.0,17.0,-95.0,23.0,-48.0,-51.0,-33.0,33.0
1573077832894,-28800000,-23.0,113.0,-8.0,-61.0,20.0,17.0,2.0,-90.0,-4.0,-127.0,9.0,-119.0,125.0,-89.0,97.0,-29.0,-80.0,-44.0,-21.0,34.0
1573077832938,-28800000,-24.0,-95.0,-7.0,27.0,19.0,-54.0,0.0,64.0,-3.0,-112.0,15.0,77.0,121.0,4.0,-96.0,44.0,32.0,-52.0,15.0,35.0
1573077832983,-28800000,-25.0,91.0,-4.0,79.0,19.0,-56.0,1.0,94.0,-3.0,-83.0,20.0,118.0,102.0,78.0,-38.0,-28.0,-128.0,-85.0,111.0,36.0
1573077832984,-28800000,-26.0,-74.0,-2.0,-110.0,17.0,-49.0,-2.0,-15.0,-5.0,-77.0,14.0,-108.0,84.0,30.0,86.0,66.0,96.0,-118.0,-109.0,37.0
1573077833028,-28800000,-25.0,-60.0,-3.0,-44.0,21.0,99.0,1.0,-23.0,-7.0,94.0,5.0,-46.0,77.0,38.0,-108.0,-122.0,32.0,126.0,31.0,38.0
1573077833073,-28800000,-24.0,-97.0,-3.0,-104.0,21.0,52.0,-2.0,107.0,-7.0,-40.0,4.0,101.0,72.0,-108.0,19.0,97.0,-128.0,116.0,-117.0,39.0
1573077833118,-28800000,-25.0,-123.0,-3.0,-69.0,22.0,-58.0,-10.0,-14.0,-8.0,127.0,7.0,87.0,59.0,26.0,-113.0,-29.0,-64.0,89.0,87.0,40.0
1573077833164,-28800000,-25.0,26.0,-3.0,45.0,21.0,-102.0,-18.0,32.0,-3.0,5.0,5.0,91.0,42.0,84.0,11.0,-62.0,48.0,59.0,103.0,41.0
1573077833208,-28800000,-24.0,17.0,-4.0,119.0,21.0,27.0,-14.0,-7.0,-1.0,-39.0,2.0,92.0,33.0,109.0,-119.0,-57.0,112.0,45.0,-37.0,42.0
1573077833253,-28800000,-24.0,-85.0,-4.0,35.0,20.0,-54.0,-7.0,95.0,1.0,-18.0,0.0,-52.0,30.0,75.0,73.0,49.0,32.0,41.0,-113.0,43.0
1573077833298,-28800000,-23.0,25.0,-5.0,112.0,20.0,52.0,-6.0,-41.0,-2.0,90.0,-1.0,-80.0,29.0,67.0,9.0,36.0,0.0,40.0,-89.0,44.0
1573077833343,-28800000,-23.0,76.0,-5.0,17.0,20.0,-86.0,-3.0,-95.0,-3.0,-88.0,-2.0,-30.0,29.0,-14.0,-55.0,105.0,-16.0,41.0,-17.0,45.0
1573077833343,-28800000,-23.0,-90.0,-6.0,-60.0,21.0,51.0,-2.0,116.0,-4.0,-26.0,-1.0,36.0,31.0,16.0,-119.0,-66.0,-96.0,43.0,-93.0,46.0
1573077833388,-28800000,-23.0,-101.0,-6.0,-80.0,21.0,106.0,-1.0,71.0,-3.0,-45.0,0.0,-79.0,32.0,83.0,10.0,20.0,-64.0,45.0,-105.0,47.0
1573077833433,-28800000,-23.0,127.0,-6.0,-25.0,21.0,52.0,-1.0,33.0,-3.0,-49.0,1.0,-85.0,33.0,95.0,10.0,88.0,0.0,47.0,23.0,48.0
1573077833478,-28800000,-23.0,-114.0,-5.0,0.0,21.0,28.0,-2.0,-119.0,-3.0,65.0,1.0,-94.0,34.0,24.0,-118.0,-123.0,0.0,48.0,35.0,49.0
1573077833523,-28800000,-23.0,-125.0,-5.0,38.0,21.0,39.0,-2.0,91.0,-4.0,-102.0,1.0,114.0,34.0,-89.0,-118.0,-92.0,-32.0,48.0,-21.0,50.0
1573077833585,-28800000,-23.0,85.0,-5.0,23.0,21.0,-84.0,-1.0,-49.0,-3.0,90.0,2.0,15.0,35.0,109.0,-118.0,-55.0,-112.0,49.0,-1.0,51.0
1573077833647,-28800000,-23.0,-14.0,-5.0,15.0,21.0,-22.0,0.0,68.0,-3.0,-115.0,1.0,-25.0,36.0,43.0,74.0,-22.0,48.0,50.0,-1.0,52.0
1573077833709,-28800000,-23.0,-13.0,-5.0,83.0,22.0,16.0,0.0,113.0,-2.0,-4.0,1.0,-63.0,36.0,-55.0,-53.0,10.0,-32.0,51.0,-25.0,53.0
1573077833750,-28800000,-22.0,54.0,-5.0,117.0,21.0,-25.0,0.0,38.0,-2.0,86.0,1.0,16.0,37.0,-115.0,11.0,51.0,64.0,52.0,-1.0,54.0
1573077833750,-28800000,-22.0,30.0,-5.0,-36.0,21.0,-22.0,-1.0,-74.0,-3.0,74.0,1.0,70.0,38.0,19.0,11.0,64.0,-80.0,53.0,-113.0,55.0
1573077833750,-28800000,-23.0,85.0,-5.0,-69.0,21.0,-63.0,-2.0,-11.0,-6.0,-17.0,0.0,-30.0,38.0,-119.0,11.0,65.0,96.0,54.0,15.0,56.0
1573077833812,-28800000,-22.0,127.0,-5.0,-110.0,21.0,-28.0,-1.0,-101.0,-7.0,25.0,-1.0,-63.0,39.0,-45.0,75.0,117.0,-48.0,55.0,-1.0,57.0
1573077833870,-28800000,-21.0,66.0,-5.0,41.0,23.0,36.0,1.0,69.0,-10.0,-12.0,-1.0,54.0,42.0,59.0,11.0,-11.0,32.0,59.0,-57.0,58.0
1573077833870,-28800000,-20.0,101.0,-5.0,110.0,24.0,116.0,-3.0,49.0,-23.0,-52.0,-1.0,4.0,44.0,-67.0,12.0,-123.0,48.0,63.0,-17.0,59.0
1573077833932,-28800000,-16.0,-63.0,-6.0,54.0,27.0,-84.0,-9.0,-49.0,-34.0,-117.0,-1.0,-4.0,46.0,125.0,12.0,-22.0,-128.0,66.0,-57.0,60.0
1573077833988,-28800000,-15.0,-91.0,-7.0,-45.0,28.0,-73.0,-14.0,-5.0,-44.0,-57.0,3.0,-75.0,47.0,-111.0,77.0,42.0,-16.0,68.0,-65.0,61.0
1573077833988,-28800000,-12.0,106.0,-7.0,44.0,27.0,-4.0,-16.0,-60.0,-53.0,-104.0,1.0,-37.0,47.0,-79.0,-51.0,63.0,-80.0,69.0,111.0,62.0
1573077834050,-28800000,-7.0,91.0,-7.0,21.0,28.0,-101.0,-12.0,100.0,-46.0,68.0,-2.0,-18.0,47.0,-6.0,-115.0,91.0,-80.0,69.0,-1.0,63.0
1573077834110,-28800000,-5.0,-114.0,-9.0,-79.0,30.0,-24.0,-10.0,-88.0,-47.0,26.0,-2.0,69.0,47.0,72.0,77.0,48.0,-80.0,68.0,-97.0,64.0
1573077834110,-28800000,2.0,23.0,-10.0,11.0,29.0,-97.0,-15.0,-76.0,-60.0,41.0,-4.0,-70.0,46.0,14.0,-52.0,-14.0,-128.0,66.0,-65.0,65.0
1573077834172,-28800000,5.0,95.0,-11.0,-43.0,26.0,-11.0,-12.0,112.0,-57.0,14.0,-2.0,-31.0,44.0,115.0,76.0,-96.0,-96.0,64.0,-101.0,66.0
1573077834230,-28800000,10.0,57.0,-12.0,-35.0,26.0,-119.0,-9.0,71.0,-58.0,-64.0,-5.0,-81.0,42.0,-90.0,-52.0,68.0,112.0,61.0,-49.0,67.0
1573077834230,-28800000,13.0,-30.0,-13.0,-13.0,21.0,108.0,-9.0,113.0,-56.0,-3.0,-8.0,-99.0,40.0,4.0,11.0,-78.0,80.0,57.0,-37.0,68.0
1573077834292,-28800000,19.0,33.0,-13.0,122.0,19.0,8.0,-4.0,34.0,-43.0,-120.0,-10.0,81.0,38.0,9.0,-117.0,72.0,-112.0,54.0,-57.0,69.0
1573077834350,-28800000,22.0,118.0,-12.0,52.0,18.0,-87.0,-3.0,96.0,-27.0,13.0,-9.0,-29.0,36.0,-75.0,-54.0,-9.0,-16.0,52.0,-41.0,70.0
1573077834350,-28800000,24.0,1.0,-12.0,-70.0,18.0,-61.0,-3.0,-126.0,-18.0,48.0,-6.0,-20.0,35.0,-48.0,-54.0,-60.0,48.0,51.0,-73.0,71.0
1573077834412,-28800000,24.0,43.0,-12.0,-11.0,19.0,23.0,-3.0,-33.0,-12.0,-72.0,-3.0,-21.0,35.0,-101.0,74.0,-71.0,-32.0,51.0,55.0,72.0
1573077834469,-28800000,23.0,67.0,-11.0,47.0,18.0,74.0,-4.0,-86.0,-11.0,-33.0,0.0,69.0,35.0,95.0,74.0,-86.0,80.0,50.0,-21.0,73.0
1573077834469,-28800000,22.0,83.0,-12.0,-5.0,16.0,-46.0,-3.0,-103.0,-3.0,-113.0,-1.0,-56.0,35.0,65.0,-118.0,-93.0,-32.0,50.0,-85.0,74.0
1573077834531,-28800000,21.0,109.0,-12.0,-8.0,16.0,8.0,1.0,34.0,11.0,-41.0,-5.0,-17.0,35.0,-53.0,-54.0,-53.0,-16.0,51.0,-93.0,75.0
1573077834590,-28800000,22.0,113.0,-10.0,34.0,20.0,59.0,3.0,-56.0,24.0,65.0,-9.0,-10.0,37.0,70.0,-117.0,57.0,80.0,54.0,83.0,76.0
1573077834590,-28800000,21.0,49.0,-10.0,-102.0,25.0,56.0,1.0,-46.0,33.0,117.0,-9.0,21.0,39.0,-118.0,11.0,-42.0,-48.0,58.0,39.0,77.0
1573077834652,-28800000,18.0,41.0,-9.0,96.0,25.0,-83.0,-3.0,108.0,41.0,7.0,-8.0,-110.0,40.0,-49.0,12.0,42.0,48.0,60.0,-117.0,78.0
1573077834712,-28800000,13.0,-42.0,-9.0,-90.0,27.0,-43.0,-1.0,9.0,58.0,16.0,-8.0,-67.0,41.0,45.0,-116.0,59.0,80.0,61.0,47.0,79.0
1573077834712,-28800000,12.0,-116.0,-9.0,79.0,32.0,-85.0,0.0,-8.0,73.0,36.0,-6.0,11.0,40.0,116.0,75.0,-1.0,112.0,59.0,-41.0,80.0
1573077834774,-28800000,7.0,-115.0,-11.0,-112.0,33.0,14.0,-9.0,16.0,85.0,61.0,3.0,25.0,39.0,76.0,-53.0,-57.0,64.0,58.0,35.0,81.0
1573077834831,-28800000,-1.0,-89.0,-11.0,-80.0,25.0,20.0,-18.0,-117.0,64.0,58.0,5.0,-36.0,41.0,-35.0,12.0,-69.0,-96.0,62.0,123.0,82.0
1573077834831,-28800000,-7.0,18.0,-10.0,55.0,19.0,-62.0,-20.0,-86.0,53.0,28.0,5.0,124.0,42.0,-71.0,13.0,34.0,-32.0,63.0,63.0,83.0
1573077834893,-28800000,-13.0,-20.0,-10.0,64.0,22.0,-3.0,-8.0,-55.0,51.0,-83.0,4.0,14.0,40.0,82.0,12.0,109.0,16.0,58.0,-73.0,84.0
1573077834952,-28800000,-17.0,73.0,-11.0,-18.0,22.0,-107.0,2.0,-19.0,48.0,-12.0,3.0,-124.0,35.0,-106.0,-117.0,3.0,32.0,51.0,-1.0,85.0
1573077834952,-28800000,-23.0,-54.0,-10.0,33.0,20.0,-122.0,5.0,-80.0,45.0,79.0,8.0,73.0,31.0,74.0,9.0,-30.0,-80.0,45.0,-13.0,86.0
1573077835014,-28800000,-27.0,87.0,-10.0,5.0,20.0,34.0,-6.0,-108.0,20.0,124.0,5.0,-121.0,28.0,-80.0,-55.0,69.0,-96.0,41.0,-9.0,87.0
1573077835070,-28800000,-26.0,-110.0,-12.0,62.0,18.0,-75.0,-8.0,41.0,11.0,83.0,0.0,-84.0,25.0,-61.0,-120.0,-115.0,16.0,38.0,111.0,88.0
1573077835072,-28800000,-24.0,45.0,-13.0,-21.0,17.0,69.0,-4.0,-14.0,21.0,-51.0,4.0,93.0,23.0,-76.0,8.0,30.0,48.0,36.0,-5.0,89.0
1573077835134,-28800000,-24.0,32.0,-11.0,-115.0,15.0,98.0,-2.0,109.0,15.0,-5.0,5.0,76.0,23.0,-66.0,8.0,44.0,48.0,37.0,-101.0,90.0
1573077835191,-28800000,-25.0,-1.0,-11.0,-124.0,16.0,119.0,1.0,73.0,7.0,-103.0,1.0,-112.0,23.0,-80.0,8.0,34.0,-112.0,37.0,-1.0,91.0
1573077835191,-28800000,-26.0,-53.0,-11.0,-41.0,16.0,2.0,4.0,-64.0,9.0,-8.0,2.0,-82.0,23.0,54.0,72.0,0.0,112.0,38.0,11.0,92.0
1573077835253,-28800000,-27.0,-46.0,-11.0,-71.0,14.0,-25.0,5.0,47.0,6.0,73.0,1.0,6.0,23.0,69.0,7.0,-1.0,-128.0,38.0,83.0,93.0
1573077835311,-28800000,-26.0,21.0,-11.0,-3.0,16.0,-67.0,4.0,104.0,-1.0,25.0,0.0,10.0,23.0,-112.0,8.0,11.0,16.0,38.0,-21.0,94.0
1573077835311,-28800000,-26.0,33.0,-11.0,-22.0,16.0,104.0,-1.0,-108.0,-5.0,61.0,-1.0,111.0,23.0,-41.0,72.0,23.0,48.0,39.0,123.0,95.0
1573077835373,-28800000,-25.0,-125.0,-11.0,-66.0,16.0,61.0,-1.0,-94.0,-5.0,80.0,-2.0,50.0,24.0,15.0,8.0,34.0,16.0,39.0,-49.0,96.0
1573077835429,-28800000,-25.0,-43.0,-11.0,-59.0,16.0,71.0,-1.0,-117.0,-4.0,112.0,-1.0,-124.0,24.0,34.0,-56.0,36.0,64.0,39.0,-33.0,97.0
1573077835430,-28800000,-25.0,-97.0,-11.0,-61.0,16.0,-113.0,-2.0,65.0,-4.0,14.0,0.0,-52.0,24.0,41.0,-120.0,33.0,-64.0,39.0,-49.0,98.0
1573077835492,-28800000,-25.0,-69.0,-11.0,-57.0,17.0,3.0,-2.0,63.0,-4.0,19.0,1.0,65.0,24.0,47.0,-120.0,29.0,-80.0,39.0,-85.0,99.0
1573077835551,-28800000,-25.0,38.0,-11.0,-22.0,17.0,4.0,-2.0,122.0,-5.0,-107.0,1.0,45.0,24.0,47.0,-120.0,29.0,-80.0,39.0,-85.0,100.0
1573077835552,-28800000,-26.0,-17.0,-11.0,-88.0,18.0,39.0,-1.0,66.0,-7.0,-25.0,-1.0,-14.0,24.0,84.0,-120.0,38.0,16.0,39.0,-61.0,101.0
1573077835614,-28800000,-25.0,119.0,-11.0,117.0,18.0,70.0,-1.0,30.0,-9.0,98.0,-2.0,-111.0,24.0,94.0,72.0,38.0,96.0,39.0,-57.0,102.0
1573077835675,-28800000,-24.0,35.0,-11.0,-41.0,21.0,15.0,-2.0,-62.0,-18.0,-18.0,-3.0,61.0,24.0,-104.0,8.0,55.0,80.0,40.0,15.0,103.0
1573077835675,-28800000,-24.0,-68.0,-11.0,74.0,25.0,-31.0,-7.0,119.0,-32.0,22.0,-6.0,-80.0,24.0,-10.0,-56.0,82.0,-96.0,40.0,-117.0,104.0
1573077835737,-28800000,-24.0,-123.0,-13.0,84.0,24.0,110.0,-14.0,18.0,-54.0,-39.0,-9.0,29.0,25.0,31.0,72.0,94.0,-32.0,40.0,-93.0,105.0
1573077835791,-28800000,-14.0,-100.0,-14.0,-80.0,20.0,-86.0,-16.0,-1.0,-71.0,99.0,-13.0,-64.0,25.0,70.0,72.0,108.0,112.0,40.0,115.0,106.0
1573077835791,-28800000,-7.0,42.0,-14.0,73.0,20.0,-122.0,-16.0,51.0,-77.0,-123.0,-8.0,-39.0,25.0,48.0,-120.0,99.0,32.0,39.0,-101.0,107.0
1573077835853,-28800000,-2.0,48.0,-15.0,90.0,22.0,67.0,-16.0,-110.0,-82.0,62.0,-7.0,-107.0,24.0,-99.0,-56.0,47.0,80.0,37.0,-65.0,108.0
1573077835912,-28800000,5.0,44.0,-16.0,-6.0,22.0,3.0,-11.0,-65.0,-75.0,34.0,-12.0,33.0,24.0,-64.0,72.0,27.0,112.0,36.0,-13.0,109.0
1573077835912,-28800000,10.0,43.0,-16.0,26.0,22.0,-29.0,10.0,24.0,-69.0,125.0,-15.0,7.0,27.0,-5.0,72.0,-74.0,-16.0,40.0,127.0,110.0
1573077835974,-28800000,14.0,-57.0,-15.0,46.0,22.0,-80.0,12.0,-46.0,-70.0,-33.0,-14.0,-50.0,33.0,122.0,-54.0,19.0,16.0,47.0,-17.0,111.0
1573077836036,-28800000,22.0,45.0,-15.0,109.0,14.0,74.0,8.0,-77.0,-56.0,-100.0,-15.0,-60.0,35.0,-100.0,74.0,-64.0,0.0,51.0,-89.0,112.0
1573077836040,-28800000,25.0,50.0,-13.0,-54.0,16.0,-69.0,5.0,12.0,-30.0,105.0,-13.0,113.0,35.0,-25.0,-54.0,-20.0,-48.0,52.0,-113.0,113.0
1573077836102,-28800000,28.0,27.0,-12.0,51.0,14.0,4.0,1.0,115.0,-20.0,86.0,-8.0,-25.0,35.0,-2.0,-53.0,1.0,32.0,52.0,-1.0,114.0
1573077836157,-28800000,26.0,-114.0,-13.0,-74.0,13.0,-6.0,0.0,102.0,-4.0,-43.0,-3.0,-128.0,35.0,-37.0,-118.0,-3.0,-128.0,52.0,-37.0,115.0
1573077836219,-28800000,23.0,114.0,-13.0,-58.0,14.0,-26.0,0.0,-5.0,17.0,59.0,-2.0,84.0,35.0,-2.0,11.0,9.0,-64.0,53.0,23.0,116.0
1573077836276,-28800000,22.0,12.0,-12.0,71.0,18.0,40.0,-2.0,71.0,43.0,31.0,-4.0,-97.0,37.0,126.0,-117.0,118.0,-16.0,55.0,103.0,117.0
1573077836276,-28800000,18.0,3.0,-11.0,-46.0,22.0,115.0,-4.0,-111.0,73.0,-107.0,1.0,-81.0,39.0,80.0,-53.0,-27.0,-16.0,57.0,-105.0,118.0
1573077836276,-28800000,15.0,15.0,-12.0,-47.0,25.0,-15.0,2.0,127.0,78.0,123.0,10.0,-123.0,39.0,-96.0,11.0,-34.0,96.0,57.0,63.0,119.0
1573077836338,-28800000,7.0,60.0,-11.0,-107.0,27.0,125.0,-2.0,-45.0,61.0,76.0,11.0,30.0,38.0,-48.0,75.0,-89.0,48.0,55.0,-21.0,120.0
1573077836396,-28800000,0.0,-1.0,-9.0,12.0,26.0,-2.0,-3.0,-84.0,56.0,26.0,8.0,53.0,38.0,-49.0,11.0,-109.0,96.0,56.0,107.0,121.0
1573077836396,-28800000,-8.0,-120.0,-11.0,-47.0,28.0,63.0,4.0,-98.0,64.0,-61.0,-2.0,126.0,35.0,-63.0,10.0,109.0,80.0,55.0,43.0,122.0
1573077836458,-28800000,-11.0,-46.0,-11.0,-47.0,25.0,-107.0,0.0,-117.0,63.0,-44.0,-3.0,93.0,30.0,-72.0,8.0,-5.0,-16.0,49.0,59.0,123.0
1573077836514,-28800000,-14.0,-113.0,-13.0,35.0,22.0,30.0,-5.0,-23.0,75.0,-111.0,-1.0,101.0,27.0,-102.0,-56.0,75.0,-80.0,44.0,67.0,124.0
1573077836514,-28800000,-23.0,-27.0,-11.0,-6.0,21.0,-119.0,-4.0,33.0,72.0,-104.0,6.0,-58.0,24.0,-61.0,-57.0,-32.0,-128.0,40.0,-85.0,125.0
1573077836576,-28800000,-27.0,-58.0,-12.0,33.0,20.0,-78.0,-7.0,62.0,53.0,-75.0,2.0,11.0,23.0,95.0,-121.0,-70.0,-112.0,39.0,51.0,126.0
1573077836632,-28800000,-29.0,71.0,-13.0,112.0,14.0,79.0,-9.0,86.0,28.0,-66.0,0.0,93.0,22.0,125.0,7.0,-105.0,48.0,38.0,11.0,127.0
1573077836632,-28800000,-28.0,-71.0,-13.0,52.0,12.0,91.0,-4.0,44.0,11.0,64.0,-1.0,42.0,22.0,89.0,71.0,-109.0,-16.0,37.0,-45.0,-128.0
1573077836694,-28800000,-27.0,58.0,-13.0,-52.0,13.0,-10.0,0.0,-44.0,-4.0,-107.0,-3.0,-74.0,22.0,-113.0,7.0,-93.0,16.0,38.0,11.0,-127.0
1573077836756,-28800000,-25.0,-68.0,-14.0,-20.0,14.0,-22.0,0.0,-12.0,-13.0,-111.0,-7.0,-6.0,22.0,-74.0,71.0,-79.0,0.0,38.0,27.0,-126.0
1573077836766,-28800000,-24.0,15.0,-13.0,43.0,15.0,37.0,2.0,110.0,-22.0,56.0,-6.0,-84.0,22.0,-15.0,-121.0,-64.0,-96.0,38.0,59.0,-125.0
1573077836828,-28800000,-20.0,52.0,-14.0,-57.0,15.0,-8.0,11.0,125.0,-48.0,-32.0,-6.0,71.0,24.0,40.0,8.0,5.0,32.0,39.0,99.0,-124.0
1573077836890,-28800000,-14.0,-118.0,-11.0,71.0,28.0,-13.0,13.0,32.0,-76.0,-42.0,-9.0,70.0,27.0,43.0,72.0,-106.0,112.0,42.0,-33.0,-123.0
1573077836952,-28800000,-7.0,81.0,-11.0,-23.0,30.0,38.0,8.0,125.0,-69.0,64.0,-14.0,78.0,30.0,77.0,-119.0,36.0,-48.0,46.0,-117.0,-122.0
1573077837002,-28800000,1.0,-52.0,-10.0,-71.0,26.0,-97.0,1.0,-52.0,-70.0,-12.0,-16.0,116.0,34.0,67.0,-55.0,-21.0,32.0,51.0,119.0,-121.0
1573077837002,-28800000,7.0,108.0,-10.0,57.0,25.0,-76.0,-1.0,-77.0,-65.0,2.0,-15.0,-22.0,38.0,33.0,-54.0,-57.0,-80.0,56.0,-25.0,-120.0
1573077837002,-28800000,12.0,84.0,-9.0,-58.0,24.0,-60.0,-1.0,78.0,-61.0,103.0,-13.0,80.0,41.0,-62.0,-53.0,-82.0,-96.0,62.0,75.0,-119.0
1573077837064,-28800000,17.0,125.0,-8.0,70.0,21.0,-12.0,0.0,-85.0,-60.0,95.0,-15.0,120.0,45.0,77.0,-52.0,-111.0,16.0,67.0,-85.0,-118.0
1573077837126,-28800000,23.0,53.0,-7.0,21.0,18.0,-86.0,2.0,82.0,-62.0,-74.0,-17.0,-50.0,48.0,-8.0,13.0,-100.0,64.0,73.0,-5.0,-117.0
1573077837131,-28800000,26.0,50.0,-8.0,-13.0,15.0,46.0,2.0,20.0,-50.0,79.0,-15.0,54.0,53.0,38.0,-50.0,-48.0,0.0,80.0,-5.0,-116.0
1573077837193,-28800000,27.0,99.0,-4.0,1.0,11.0,-127.0,2.0,108.0,-27.0,123.0,-17.0,-51.0,55.0,26.0,15.0,103.0,-64.0,83.0,-29.0,-115.0
1573077837243,-28800000,29.0,110.0,-5.0,-39.0,13.0,70.0,6.0,24.0,-15.0,98.0,-17.0,95.0,54.0,-100.0,-113.0,79.0,0.0,82.0,95.0,-114.0
1573077837246,-28800000,30.0,100.0,-3.0,-21.0,13.0,-11.0,3.0,-60.0,-5.0,86.0,-12.0,-78.0,55.0,-21.0,79.0,-79.0,0.0,84.0,55.0,-113.0
1573077837308,-28800000,30.0,42.0,-2.0,-82.0,16.0,-97.0,1.0,61.0,6.0,85.0,-8.0,-117.0,56.0,-19.0,-113.0,-10.0,-128.0,85.0,95.0,-112.0
1573077837366,-28800000,28.0,-4.0,-1.0,99.0,17.0,-37.0,-4.0,-114.0,20.0,97.0,-4.0,60.0,57.0,-60.0,80.0,43.0,0.0,86.0,63.0,-111.0
1573077837370,-28800000,26.0,60.0,-1.0,111.0,18.0,-98.0,-8.0,114.0,38.0,-70.0,-3.0,26.0,57.0,-124.0,-112.0,10.0,-128.0,85.0,91.0,-110.0
1573077837432,-28800000,25.0,1.0,-3.0,-31.0,22.0,62.0,-9.0,-59.0,61.0,116.0,-5.0,108.0,54.0,116.0,15.0,8.0,-80.0,80.0,-101.0,-109.0
1573077837474,-28800000,19.0,-65.0,-3.0,-70.0,24.0,-111.0,-8.0,54.0,73.0,118.0,2.0,25.0,47.0,-98.0,-52.0,-21.0,32.0,71.0,15.0,-108.0
1573077837474,-28800000,10.0,93.0,-3.0,104.0,27.0,-45.0,-8.0,83.0,83.0,-8.0,10.0,11.0,41.0,40.0,-117.0,64.0,0.0,62.0,-73.0,-107.0
1573077837536,-28800000,1.0,126.0,-4.0,40.0,26.0,-63.0,-12.0,14.0,87.0,27.0,10.0,7.0,36.0,-83.0,-118.0,126.0,112.0,58.0,59.0,-106.0
1573077837598,-28800000,-6.0,73.0,-5.0,-79.0,27.0,99.0,-13.0,-99.0,88.0,98.0,7.0,50.0,33.0,-61.0,-118.0,54.0,-32.0,55.0,-53.0,-105.0
1573077837613,-28800000,-14.0,46.0,-6.0,-61.0,24.0,-21.0,-13.0,36.0,86.0,-37.0,6.0,68.0,32.0,55.0,10.0,23.0,16.0,55.0,107.0,-104.0
1573077837675,-28800000,-21.0,30.0,-7.0,82.0,22.0,57.0,-11.0,2.0,70.0,54.0,6.0,71.0,31.0,73.0,-118.0,26.0,112.0,56.0,-121.0,-103.0
1573077837731,-28800000,-26.0,68.0,-8.0,92.0,19.0,7.0,-11.0,70.0,54.0,18.0,5.0,99.0,31.0,-65.0,10.0,-121.0,-96.0,59.0,-25.0,-102.0
1573077837732,-28800000,-29.0,25.0,-9.0,121.0,17.0,-114.0,-9.0,-61.0,31.0,101.0,3.0,-101.0,34.0,31.0,11.0,-108.0,-64.0,66.0,-61.0,-101.0
1573077837794,-28800000,-29.0,-68.0,-9.0,-93.0,17.0,49.0,-6.0,60.0,17.0,-71.0,0.0,66.0,37.0,-20.0,76.0,-17.0,0.0,74.0,-105.0,-100.0
1573077837831,-28800000,-27.0,114.0,-9.0,92.0,16.0,86.0,-4.0,-120.0,10.0,-91.0,-2.0,58.0,42.0,-39.0,-114.0,-120.0,-112.0,82.0,-17.0,-99.0
1573077837831,-28800000,-26.0,94.0,-9.0,-53.0,16.0,10.0,-3.0,111.0,3.0,106.0,-2.0,88.0,46.0,-17.0,-113.0,-51.0,16.0,89.0,91.0,-98.0
1573077837893,-28800000,-27.0,-24.0,-9.0,-40.0,17.0,37.0,-1.0,-90.0,-9.0,-43.0,-1.0,63.0,49.0,38.0,-48.0,122.0,-80.0,92.0,-37.0,-97.0
1573077837950,-28800000,-28.0,-46.0,-9.0,59.0,19.0,11.0,1.0,-99.0,-26.0,124.0,-1.0,-104.0,49.0,71.0,-48.0,-124.0,48.0,92.0,-37.0,-96.0
1573077837950,-28800000,-26.0,-115.0,-10.0,-34.0,21.0,44.0,5.0,-75.0,-50.0,29.0,-1.0,-13.0,48.0,-61.0,-112.0,93.0,-112.0,91.0,-5.0,-95.0
1573077838012,-28800000,-22.0,-36.0,-7.0,107.0,25.0,-43.0,7.0,-66.0,-74.0,-77.0,1.0,65.0,46.0,-30.0,15.0,-50.0,64.0,88.0,-29.0,-94.0
1573077838071,-28800000,-14.0,-21.0,-7.0,38.0,25.0,76.0,10.0,-84.0,-88.0,84.0,2.0,54.0,41.0,-86.0,-50.0,52.0,48.0,79.0,31.0,-93.0
1573077838072,-28800000,-8.0,-1.0,-8.0,-105.0,22.0,93.0,-6.0,62.0,-81.0,9.0,-9.0,-103.0,40.0,79.0,77.0,-60.0,-64.0,75.0,35.0,-92.0
1573077838134,-28800000,3.0,-71.0,-4.0,11.0,28.0,-47.0,4.0,96.0,-65.0,26.0,-24.0,-45.0,39.0,0.0,-115.0,15.0,-64.0,67.0,-21.0,-91.0
1573077838196,-28800000,10.0,-62.0,-6.0,-32.0,26.0,-32.0,9.0,69.0,-67.0,-74.0,-13.0,25.0,39.0,42.0,76.0,97.0,112.0,64.0,95.0,-90.0
1573077838211,-28800000,15.0,-25.0,-4.0,72.0,25.0,97.0,6.0,-42.0,-54.0,96.0,-11.0,-47.0,39.0,11.0,11.0,-53.0,-32.0,62.0,-37.0,-89.0
1573077838273,-28800000,18.0,-5.0,-3.0,-128.0,26.0,-55.0,5.0,-97.0,-33.0,-59.0,-14.0,99.0,41.0,73.0,76.0,31.0,-16.0,66.0,7.0,-88.0
1573077838326,-28800000,19.0,-60.0,-3.0,-78.0,24.0,96.0,6.0,116.0,-25.0,29.0,-10.0,-15.0,44.0,78.0,76.0,-57.0,32.0,70.0,119.0,-87.0
1573077838326,-28800000,21.0,-101.0,-2.0,-80.0,23.0,17.0,4.0,-47.0,-21.0,-59.0,-6.0,46.0,45.0,83.0,77.0,6.0,64.0,72.0,3.0,-86.0
1573077838388,-28800000,20.0,83.0,-1.0,-28.0,26.0,28.0,1.0,-101.0,-8.0,-56.0,-5.0,101.0,45.0,-46.0,-115.0,28.0,-64.0,72.0,-69.0,-85.0
1573077838447,-28800000,19.0,77.0,-2.0,102.0,24.0,-46.0,0.0,-112.0,-8.0,-92.0,-1.0,3.0,45.0,-12.0,-115.0,25.0,64.0,72.0,-93.0,-84.0
1573077838447,-28800000,21.0,4.0,-2.0,-125.0,23.0,22.0,-1.0,51.0,-6.0,-31.0,0.0,5.0,45.0,-85.0,13.0,2.0,-96.0,71.0,-1.0,-83.0
1573077838509,-28800000,20.0,-121.0,-3.0,-41.0,22.0,-19.0,-3.0,64.0,3.0,-24.0,3.0,63.0,44.0,-26.0,-52.0,-57.0,32.0,70.0,111.0,-82.0
1573077838571,-28800000,18.0,109.0,-3.0,-42.0,24.0,69.0,-8.0,121.0,15.0,6.0,3.0,-24.0,44.0,-73.0,-116.0,-95.0,-64.0,69.0,-105.0,-81.0
1573077838571,-28800000,19.0,-25.0,-3.0,-128.0,24.0,-20.0,-8.0,-117.0,18.0,36.0,2.0,30.0,44.0,-5.0,76.0,-116.0,16.0,69.0,99.0,-80.0
1573077838633,-28800000,15.0,-13.0,-4.0,-10.0,26.0,-128.0,-11.0,72.0,22.0,106.0,7.0,57.0,44.0,-62.0,12.0,79.0,80.0,68.0,83.0,-79.0
1573077838687,-28800000,12.0,10.0,-5.0,-52.0,25.0,-49.0,-9.0,108.0,27.0,26.0,5.0,-57.0,43.0,-18.0,11.0,-28.0,0.0,66.0,123.0,-78.0
1573077838687,-28800000,10.0,-32.0,-5.0,-115.0,28.0,72.0,-3.0,4.0,30.0,-24.0,-2.0,-27.0,43.0,-45.0,-53.0,-120.0,16.0,65.0,23.0,-77.0
1573077838749,-28800000,8.0,24.0,-4.0,10.0,27.0,-39.0,0.0,-13.0,24.0,-58.0,-3.0,-126.0,44.0,101.0,11.0,99.0,-80.0,64.0,-13.0,-76.0
1573077838791,-28800000,6.0,-47.0,-4.0,91.0,30.0,108.0,3.0,32.0,22.0,60.0,-4.0,78.0,44.0,-100.0,-53.0,62.0,-64.0,64.0,-41.0,-75.0
1573077838791,-28800000,5.0,6.0,-5.0,-9.0,31.0,57.0,2.0,73.0,13.0,68.0,-3.0,101.0,43.0,-16.0,-118.0,-53.0,16.0,63.0,99.0,-74.0
1573077838853,-28800000,5.0,107.0,-3.0,-99.0,30.0,-101.0,4.0,-26.0,5.0,-70.0,-4.0,80.0,42.0,-123.0,-54.0,44.0,80.0,61.0,115.0,-73.0
1573077838915,-28800000,2.0,-82.0,-3.0,-81.0,29.0,55.0,12.0,-14.0,3.0,-49.0,-6.0,-31.0,38.0,4.0,-120.0,-13.0,64.0,55.0,-37.0,-72.0
1573077838915,-28800000,4.0,29.0,0.0,-73.0,24.0,-91.0,17.0,100.0,-4.0,46.0,-9.0,-106.0,35.0,-108.0,72.0,62.0,-80.0,52.0,-105.0,-71.0
1573077838977,-28800000,4.0,51.0,2.0,-77.0,22.0,124.0,31.0,30.0,-10.0,-13.0,-9.0,-78.0,32.0,-72.0,7.0,111.0,-80.0,48.0,119.0,-70.0
1573077839038,-28800000,-1.0,54.0,5.0,-46.0,23.0,-94.0,40.0,-124.0,1.0,-88.0,-9.0,-91.0,31.0,1.0,70.0,-44.0,112.0,45.0,-69.0,-69.0
1573077839039,-28800000,0.0,-116.0,11.0,16.0,20.0,-86.0,43.0,-31.0,18.0,116.0,-16.0,65.0,28.0,-116.0,-122.0,72.0,48.0,41.0,-65.0,-68.0
1573077839101,-28800000,4.0,-65.0,16.0,-69.0,25.0,117.0,55.0,99.0,14.0,-125.0,-17.0,-80.0,27.0,-52.0,-122.0,35.0,-16.0,40.0,87.0,-67.0
1573077839163,-28800000,6.0,-96.0,27.0,80.0,37.0,-53.0,56.0,-74.0,-14.0,39.0,-5.0,21.0,33.0,53.0,-121.0,127.0,0.0,49.0,23.0,-66.0
1573077839172,-28800000,10.0,32.0,28.0,-111.0,36.0,107.0,32.0,87.0,-18.0,-35.0,-5.0,-94.0,41.0,105.0,9.0,120.0,80.0,61.0,-105.0,-65.0
1573077839234,-28800000,9.0,-39.0,23.0,-21.0,29.0,102.0,11.0,5.0,-13.0,53.0,-2.0,-27.0,47.0,-77.0,-53.0,17.0,112.0,71.0,-105.0,-64.0
1573077839288,-28800000,10.0,74.0,22.0,85.0,27.0,-117.0,-6.0,-8.0,-4.0,22.0,1.0,-48.0,49.0,114.0,11.0,-111.0,0.0,73.0,-97.0,-63.0
1573077839288,-28800000,12.0,-89.0,24.0,-30.0,33.0,-123.0,-19.0,84.0,-5.0,-93.0,6.0,88.0,48.0,-30.0,75.0,108.0,-112.0,72.0,-25.0,-62.0
1573077839350,-28800000,11.0,-125.0,22.0,103.0,34.0,-87.0,-45.0,-58.0,-11.0,122.0,16.0,-100.0,47.0,-2.0,-53.0,66.0,-64.0,70.0,-89.0,-61.0
1573077839412,-28800000,7.0,89.0,15.0,62.0,25.0,-76.0,-67.0,-36.0,-9.0,4.0,31.0,-53.0,40.0,111.0,-55.0,-35.0,-64.0,57.0,-61.0,-60.0
1573077839412,-28800000,1.0,61.0,10.0,103.0,22.0,-119.0,-50.0,-119.0,15.0,-73.0,26.0,115.0,34.0,-122.0,-56.0,-19.0,16.0,50.0,-33.0,-59.0
1573077839474,-28800000,4.0,-103.0,6.0,-26.0,28.0,91.0,-37.0,98.0,17.0,-25.0,6.0,26.0,34.0,109.0,9.0,69.0,-128.0,53.0,103.0,-58.0
1573077839528,-28800000,6.0,120.0,2.0,38.0,28.0,55.0,-43.0,-86.0,11.0,-44.0,5.0,-59.0,35.0,95.0,10.0,54.0,-64.0,57.0,-25.0,-57.0
1573077839530,-28800000,6.0,28.0,-2.0,78.0,25.0,-87.0,-33.0,-43.0,11.0,-51.0,6.0,86.0,36.0,46.0,75.0,4.0,48.0,61.0,-41.0,-56.0
1573077839592,-28800000,2.0,127.0,-5.0,-12.0,25.0,19.0,-25.0,-88.0,8.0,28.0,7.0,56.0,35.0,-22.0,-53.0,1.0,32.0,62.0,-93.0,-55.0
1573077839633,-28800000,1.0,-8.0,-6.0,121.0,28.0,121.0,-18.0,76.0,3.0,-36.0,4.0,10.0,35.0,91.0,74.0,-25.0,-80.0,62.0,15.0,-54.0
1573077839633,-28800000,1.0,-110.0,-7.0,-121.0,29.0,81.0,-14.0,-125.0,0.0,-104.0,3.0,114.0,35.0,85.0,74.0,-6.0,-112.0,61.0,-9.0,-53.0
1573077839695,-28800000,2.0,99.0,-8.0,9.0,27.0,-19.0,-13.0,-81.0,2.0,100.0,5.0,16.0,36.0,49.0,-53.0,76.0,32.0,63.0,35.0,-52.0
1573077839748,-28800000,2.0,40.0,-9.0,-117.0,27.0,-121.0,-7.0,75.0,3.0,-73.0,3.0,-112.0,36.0,-62.0,11.0,118.0,-32.0,63.0,-57.0,-51.0
1573077839749,-28800000,2.0,53.0,-9.0,91.0,29.0,63.0,-4.0,-124.0,0.0,37.0,1.0,-34.0,37.0,-128.0,-117.0,-81.0,-128.0,64.0,-89.0,-50.0
1573077839811,-28800000,2.0,-39.0,-10.0,-10.0,31.0,65.0,-4.0,-78.0,2.0,82.0,3.0,3.0,38.0,45.0,75.0,-33.0,-48.0,65.0,119.0,-49.0
1573077839868,-28800000,1.0,-22.0,-10.0,-67.0,29.0,-15.0,-4.0,-33.0,6.0,-102.0,3.0,-11.0,37.0,-69.0,11.0,-59.0,-128.0,64.0,-61.0,-48.0
1573077839868,-28800000,-1.0,-28.0,-10.0,-105.0,29.0,40.0,-4.0,-73.0,5.0,-116.0,3.0,78.0,37.0,84.0,-53.0,-69.0,-128.0,64.0,75.0,-47.0
1573077839930,-28800000,0.0,14.0,-10.0,127.0,29.0,-57.0,-4.0,93.0,6.0,90.0,3.0,17.0,37.0,86.0,-117.0,-28.0,112.0,64.0,-53.0,-46.0
1573077839988,-28800000,-1.0,-121.0,-10.0,26.0,29.0,-125.0,-4.0,-39.0,4.0,-48.0,3.0,48.0,37.0,83.0,-116.0,3.0,112.0,65.0,107.0,-45.0
1573077839988,-28800000,-1.0,67.0,-11.0,-25.0,28.0,-34.0,-3.0,-96.0,-1.0,-90.0,2.0,21.0,37.0,117.0,12.0,29.0,48.0,65.0,-29.0,-44.0
1573077840050,-28800000,0.0,58.0,-11.0,120.0,30.0,48.0,-2.0,67.0,-2.0,65.0,3.0,23.0,37.0,-57.0,76.0,51.0,80.0,66.0,47.0,-43.0
1573077840108,-28800000,-1.0,113.0,-11.0,-33.0,29.0,-102.0,-3.0,32.0,1.0,55.0,6.0,52.0,38.0,48.0,-52.0,81.0,-96.0,66.0,87.0,-42.0
1573077840109,-28800000,-1.0,-116.0,-11.0,-39.0,28.0,21.0,-4.0,-1.0,3.0,103.0,4.0,-12.0,38.0,-94.0,76.0,101.0,-64.0,66.0,59.0,-41.0
1573077840171,-28800000,-1.0,-26.0,-11.0,-99.0,28.0,46.0,-3.0,-88.0,1.0,-14.0,6.0,-90.0,40.0,24.0,-52.0,-63.0,0.0,67.0,95.0,-40.0
1573077840229,-28800000,-1.0,8.0,-11.0,-38.0,28.0,-23.0,-3.0,61.0,1.0,-48.0,10.0,-37.0,41.0,-6.0,77.0,61.0,64.0,69.0,95.0,-39.0
1573077840229,-28800000,-4.0,-23.0,-11.0,-14.0,29.0,-126.0,0.0,0.0,5.0,-78.0,9.0,-4.0,42.0,-106.0,-115.0,99.0,32.0,69.0,-29.0,-38.0
1573077840291,-28800000,-4.0,-47.0,-11.0,-24.0,29.0,68.0,1.0,96.0,8.0,98.0,7.0,48.0,42.0,70.0,-115.0,95.0,-32.0,69.0,-37.0,-37.0
1573077840353,-28800000,-8.0,-25.0,-10.0,25.0,28.0,-11.0,1.0,-11.0,8.0,66.0,7.0,66.0,43.0,112.0,13.0,-16.0,96.0,73.0,35.0,-36.0
1573077840415,-28800000,-7.0,-66.0,-11.0,-111.0,29.0,117.0,1.0,83.0,7.0,-59.0,1.0,-9.0,49.0,114.0,-112.0,66.0,96.0,88.0,127.0,-35.0
1573077840477,-28800000,-8.0,84.0,-11.0,-60.0,28.0,95.0,-3.0,-55.0,13.0,101.0,-1.0,-11.0,74.0,100.0,-41.0,-116.0,48.0,-114.0,-89.0,-34.0
1573077840479,-28800000,-7.0,110.0,-11.0,-117.0,28.0,-87.0,-4.0,-21.0,13.0,-105.0,-1.0,33.0,123.0,18.0,34.0,69.0,-32.0,-37.0,39.0,-33.0
1573077840479,-28800000,-8.0,83.0,-11.0,-83.0,27.0,6.0,-5.0,-84.0,8.0,87.0,-2.0,64.0,-98.0,43.0,-21.0,-70.0,64.0,-18.0,-17.0,-32.0
1573077840541,-28800000,-10.0,-15.0,-11.0,-104.0,26.0,-110.0,1.0,35.0,2.0,55.0,-1.0,46.0,-88.0,4.0,-81.0,115.0,112.0,-39.0,11.0,-31.0
1573077840603,-28800000,-8.0,53.0,-10.0,49.0,27.0,-14.0,5.0,-114.0,3.0,-45.0,3.0,117.0,-84.0,3.0,-15.0,107.0,-112.0,-61.0,119.0,-30.0
1573077840665,-28800000,-10.0,-60.0,-10.0,103.0,28.0,-30.0,3.0,-11.0,-1.0,42.0,5.0,-19.0,-83.0,40.0,-78.0,112.0,-80.0,-69.0,87.0,-29.0
1573077840727,-28800000,-9.0,34.0,-10.0,-26.0,28.0,-65.0,4.0,42.0,-6.0,64.0,4.0,53.0,-81.0,48.0,51.0,52.0,16.0,-74.0,83.0,-28.0
1573077840789,-28800000,-9.0,21.0,-9.0,33.0,29.0,-85.0,3.0,77.0,-8.0,-65.0,2.0,71.0,-78.0,80.0,116.0,-107.0,-96.0,-71.0,-57.0,-27.0
1573077840829,-28800000,-8.0,67.0,-9.0,80.0,29.0,58.0,-1.0,87.0,-2.0,19.0,0.0,105.0,-75.0,7.0,118.0,-99.0,-80.0,-57.0,-17.0,-26.0
1573077840830,-28800000,-7.0,-7.0,-9.0,23.0,29.0,-122.0,-3.0,-7.0,-2.0,-19.0,0.0,124.0,-74.0,-119.0,55.0,-63.0,-128.0,-42.0,-97.0,-25.0
1573077840831,-28800000,-8.0,-117.0,-10.0,-17.0,29.0,33.0,-4.0,-120.0,-6.0,-30.0,2.0,-35.0,-72.0,103.0,-72.0,-122.0,-32.0,-26.0,-5.0,-24.0
1573077840948,-28800000,-9.0,-42.0,-10.0,-25.0,28.0,80.0,-3.0,-26.0,-3.0,-104.0,2.0,-63.0,-68.0,-35.0,-6.0,98.0,-79.0,14.0,-1.0,-22.0
1573077840948,-28800000,-8.0,100.0,-10.0,-45.0,28.0,103.0,-2.0,-109.0,0.0,77.0,1.0,-21.0,-66.0,57.0,-6.0,-19.0,97.0,24.0,43.0,-21.0
1573077840948,-28800000,-8.0,-52.0,-10.0,-121.0,28.0,-125.0,-1.0,-118.0,-3.0,-72.0,0.0,-125.0,-66.0,45.0,-70.0,-16.0,97.0,25.0,103.0,-20.0
1573077841010,-28800000,-7.0,75.0,-10.0,90.0,28.0,-24.0,-1.0,-65.0,-5.0,71.0,0.0,-103.0,-67.0,-65.0,58.0,-62.0,-95.0,23.0,-117.0,-19.0
1573077841069,-28800000,-6.0,98.0,-10.0,-65.0,29.0,-121.0,-1.0,-53.0,-5.0,33.0,1.0,-53.0,-67.0,81.0,-70.0,-110.0,-95.0,20.0,-13.0,-18.0
1573077841069,-28800000,-7.0,-2.0,-9.0,43.0,29.0,78.0,-1.0,81.0,-4.0,106.0,2.0,-115.0,-67.0,1.0,58.0,110.0,1.0,18.0,-85.0,-17.0
1573077856397,-28800000,-36.0,-84.0,-14.0,67.0,4.0,-76.0,0.0,65.0,55.0,79.0,29.0,-82.0,24.0,-76.0,-123.0,-32.0,-112.0,31.0,-27.0,109.0
1573077856431,-28800000,-33.0,-96.0,-9.0,-82.0,0.0,42.0,15.0,72.0,37.0,-127.0,22.0,50.0,25.0,40.0,5.0,26.0,80.0,28.0,41.0,110.0
1573077856431,-28800000,-33.0,90.0,-8.0,-7.0,-3.0,-5.0,18.0,41.0,45.0,103.0,26.0,105.0,25.0,-22.0,68.0,-17.0,-112.0,27.0,-119.0,111.0
1573077856474,-28800000,-31.0,-42.0,-6.0,2.0,-3.0,-62.0,11.0,98.0,49.0,20.0,28.0,51.0,20.0,47.0,67.0,-91.0,0.0,21.0,-107.0,112.0
1573077856520,-28800000,-31.0,92.0,-3.0,-118.0,-7.0,-33.0,7.0,-3.0,44.0,96.0,25.0,-88.0,12.0,-35.0,66.0,43.0,64.0,14.0,-39.0,113.0
1573077856565,-28800000,-32.0,38.0,0.0,24.0,-12.0,79.0,10.0,30.0,56.0,-28.0,30.0,65.0,6.0,-85.0,-63.0,12.0,-48.0,9.0,-115.0,114.0
1573077856610,-28800000,-29.0,-55.0,-1.0,-91.0,-15.0,-63.0,11.0,-23.0,76.0,-88.0,39.0,30.0,2.0,-10.0,64.0,115.0,-80.0,6.0,105.0,115.0
1573077856655,-28800000,-24.0,-53.0,1.0,-89.0,-21.0,68.0,5.0,-38.0,69.0,-44.0,32.0,-115.0,1.0,-90.0,64.0,72.0,32.0,5.0,65.0,116.0
1573077856699,-28800000,-20.0,43.0,3.0,-75.0,-26.0,61.0,-2.0,-90.0,43.0,36.0,19.0,-87.0,1.0,96.0,0.0,65.0,-32.0,5.0,25.0,117.0
1573077856761,-28800000,-17.0,17.0,5.0,-44.0,-30.0,-116.0,-7.0,36.0,29.0,-12.0,13.0,13.0,1.0,70.0,-64.0,65.0,32.0,5.0,9.0,118.0
1573077856791,-28800000,-16.0,-28.0,5.0,-3.0,-30.0,-70.0,-5.0,97.0,23.0,-39.0,11.0,-70.0,1.0,63.0,-64.0,65.0,-64.0,5.0,57.0,119.0
1573077856791,-28800000,-14.0,-124.0,6.0,14.0,-30.0,-71.0,-2.0,-111.0,10.0,81.0,7.0,33.0,1.0,59.0,64.0,65.0,32.0,5.0,45.0,120.0
1573077856834,-28800000,-14.0,-78.0,6.0,-66.0,-30.0,30.0,-2.0,-65.0,-4.0,59.0,3.0,-95.0,1.0,61.0,-128.0,64.0,-16.0,5.0,33.0,121.0
1573077856879,-28800000,-15.0,-101.0,5.0,10.0,-28.0,79.0,4.0,43.0,-19.0,38.0,1.0,85.0,1.0,63.0,64.0,64.0,-80.0,5.0,29.0,122.0
1573077856924,-28800000,-18.0,-127.0,4.0,-83.0,-24.0,84.0,0.0,96.0,-29.0,-47.0,-6.0,65.0,1.0,69.0,-128.0,64.0,64.0,5.0,25.0,123.0
1573077856970,-28800000,-20.0,-79.0,6.0,63.0,-23.0,-43.0,-9.0,-114.0,-48.0,29.0,-13.0,-15.0,1.0,99.0,-128.0,65.0,-48.0,5.0,29.0,124.0
1573077857015,-28800000,-28.0,-97.0,5.0,-47.0,-18.0,13.0,-16.0,73.0,-89.0,-74.0,-15.0,11.0,2.0,47.0,0.0,93.0,112.0,5.0,-7.0,125.0
1573077857059,-28800000,-33.0,11.0,5.0,10.0,-12.0,-42.0,-21.0,25.0,-100.0,31.0,-19.0,-122.0,4.0,-97.0,64.0,-39.0,-96.0,9.0,57.0,126.0
1573077857105,-28800000,-38.0,65.0,4.0,67.0,-1.0,-122.0,-31.0,33.0,-112.0,-100.0,-25.0,36.0,11.0,-36.0,-62.0,97.0,-64.0,19.0,-63.0,127.0
1573077857150,-28800000,-30.0,54.0,-3.0,-6.0,15.0,119.0,-47.0,64.0,-128.0,0.0,-29.0,-85.0,39.0,-71.0,-56.0,-63.0,0.0,61.0,-107.0,-128.0
1573077857150,-28800000,-26.0,-116.0,-4.0,94.0,16.0,58.0,-15.0,88.0,-99.0,50.0,-16.0,14.0,86.0,76.0,-108.0,102.0,48.0,-113.0,-123.0,-127.0
1573077857194,-28800000,-22.0,-43.0,-2.0,103.0,23.0,62.0,-10.0,-109.0,-59.0,-25.0,-3.0,123.0,113.0,36.0,28.0,66.0,-96.0,-45.0,21.0,-126.0
1573077857248,-28800000,-20.0,97.0,-2.0,75.0,29.0,-90.0,-5.0,-96.0,-43.0,64.0,4.0,-67.0,116.0,-43.0,30.0,22.0,-112.0,-16.0,-51.0,-125.0
1573077857284,-28800000,-21.0,-18.0,-7.0,-69.0,27.0,41.0,-2.0,-71.0,-44.0,-44.0,-2.0,-26.0,117.0,117.0,-35.0,-121.0,-32.0,-12.0,17.0,-124.0
1573077857329,-28800000,-17.0,4.0,2.0,-81.0,17.0,-67.0,-6.0,29.0,-33.0,18.0,-23.0,10.0,-127.0,116.0,30.0,63.0,0.0,-2.0,57.0,-123.0
1573077857373,-28800000,-14.0,-84.0,-2.0,0.0,25.0,120.0,3.0,-36.0,-7.0,86.0,-13.0,-3.0,-98.0,-16.0,101.0,50.0,-79.0,53.0,37.0,-122.0
1573077857420,-28800000,-15.0,-26.0,-4.0,-93.0,29.0,50.0,9.0,-25.0,-3.0,-72.0,-6.0,69.0,-70.0,-8.0,-21.0,-17.0,-31.0,102.0,113.0,-121.0
1573077857463,-28800000,-15.0,105.0,-4.0,39.0,29.0,-35.0,0.0,79.0,-5.0,-102.0,-3.0,-94.0,-66.0,-74.0,-19.0,6.0,17.0,103.0,77.0,-120.0
1573077857509,-28800000,-13.0,-123.0,-4.0,-88.0,25.0,-99.0,-13.0,71.0,-5.0,-28.0,-2.0,23.0,-80.0,63.0,-23.0,-114.0,49.0,67.0,105.0,-119.0
1573077857509,-28800000,-11.0,88.0,-7.0,-5.0,25.0,66.0,-15.0,-76.0,1.0,92.0,0.0,-113.0,-93.0,-116.0,-90.0,35.0,-47.0,37.0,5.0,-118.0
1573077857571,-28800000,-13.0,-102.0,-7.0,-16.0,27.0,115.0,-6.0,-23.0,4.0,102.0,3.0,-123.0,-100.0,-61.0,-92.0,17.0,-31.0,23.0,21.0,-117.0
1573077857598,-28800000,-14.0,53.0,-6.0,46.0,27.0,89.0,0.0,88.0,5.0,88.0,4.0,-39.0,-116.0,72.0,95.0,-86.0,112.0,-9.0,-123.0,-116.0
1573077857643,-28800000,-16.0,81.0,-6.0,29.0,27.0,85.0,0.0,-30.0,0.0,59.0,6.0,10.0,120.0,-101.0,26.0,-58.0,112.0,-46.0,57.0,-115.0
1573077857688,-28800000,-15.0,55.0,-6.0,-80.0,27.0,-96.0,1.0,-30.0,-8.0,-39.0,6.0,113.0,110.0,23.0,24.0,77.0,-16.0,-67.0,-55.0,-114.0
1573077857733,-28800000,-14.0,-118.0,-5.0,62.0,27.0,-37.0,3.0,126.0,-10.0,111.0,4.0,56.0,105.0,48.0,23.0,62.0,0.0,-76.0,37.0,-113.0
1573077857778,-28800000,-13.0,-7.0,-6.0,-14.0,27.0,-109.0,1.0,54.0,-14.0,124.0,3.0,43.0,98.0,-74.0,21.0,-19.0,64.0,-89.0,45.0,-112.0
1573077857824,-28800000,-12.0,-92.0,-5.0,-51.0,28.0,115.0,1.0,-119.0,-18.0,-3.0,6.0,-19.0,89.0,-3.0,-44.0,38.0,-96.0,-106.0,25.0,-111.0
1573077857869,-28800000,-11.0,-119.0,-4.0,-13.0,29.0,-56.0,3.0,84.0,-18.0,8.0,8.0,94.0,81.0,82.0,82.0,104.0,-112.0,-123.0,101.0,-110.0
1573077857870,-28800000,-10.0,-61.0,-4.0,-30.0,31.0,15.0,0.0,93.0,-17.0,-32.0,6.0,65.0,69.0,7.0,-113.0,-69.0,-128.0,109.0,77.0,-109.0
1573077857913,-28800000,-5.0,-34.0,-6.0,-3.0,29.0,32.0,1.0,127.0,-21.0,49.0,4.0,81.0,48.0,122.0,-117.0,126.0,16.0,75.0,117.0,-108.0
1573077857958,-28800000,-5.0,69.0,-4.0,-25.0,31.0,-89.0,-3.0,72.0,-25.0,-114.0,8.0,-40.0,41.0,44.0,-119.0,-16.0,16.0,63.0,45.0,-107.0
1573077858004,-28800000,-4.0,17.0,-5.0,-49.0,33.0,-52.0,-3.0,42.0,-20.0,92.0,7.0,42.0,33.0,-12.0,8.0,76.0,-48.0,50.0,105.0,-106.0
1573077858051,-28800000,-1.0,-128.0,-4.0,26.0,32.0,85.0,-15.0,0.0,-30.0,114.0,6.0,63.0,25.0,36.0,6.0,77.0,-80.0,36.0,73.0,-105.0
1573077858101,-28800000,3.0,-62.0,-6.0,118.0,32.0,-67.0,-19.0,87.0,-38.0,30.0,8.0,-101.0,18.0,25.0,-60.0,-35.0,112.0,28.0,37.0,-104.0
1573077858139,-28800000,5.0,26.0,-7.0,122.0,28.0,-127.0,-12.0,7.0,-43.0,-90.0,15.0,48.0,15.0,37.0,-60.0,110.0,-96.0,29.0,5.0,-103.0
1573077858185,-28800000,5.0,108.0,-7.0,9.0,27.0,8.0,-15.0,127.0,-29.0,92.0,12.0,99.0,16.0,8.0,4.0,-49.0,-128.0,36.0,101.0,-102.0
1573077858231,-28800000,7.0,0.0,-8.0,48.0,28.0,10.0,-26.0,-4.0,-30.0,-5.0,10.0,9.0,18.0,-101.0,69.0,-125.0,16.0,45.0,-23.0,-101.0
1573077858293,-28800000,8.0,-96.0,-13.0,-14.0,31.0,26.0,-38.0,12.0,-38.0,-91.0,7.0,60.0,20.0,83.0,-123.0,-8.0,0.0,52.0,-71.0,-100.0
1573077858355,-28800000,14.0,63.0,-17.0,44.0,26.0,-76.0,-45.0,110.0,-59.0,-34.0,-1.0,-107.0,21.0,25.0,-58.0,37.0,48.0,50.0,-67.0,-99.0
1573077858366,-28800000,21.0,17.0,-20.0,-19.0,6.0,-23.0,-26.0,-25.0,-77.0,-25.0,-7.0,-79.0,17.0,-108.0,5.0,96.0,-96.0,37.0,45.0,-98.0
1573077858366,-28800000,22.0,-61.0,-16.0,-6.0,13.0,-37.0,-7.0,47.0,-56.0,-13.0,-12.0,-60.0,13.0,19.0,-60.0,40.0,-80.0,25.0,93.0,-97.0
1573077858410,-28800000,22.0,-77.0,-15.0,6.0,1.0,114.0,-19.0,9.0,-76.0,79.0,-1.0,125.0,9.0,69.0,2.0,-16.0,-128.0,16.0,-19.0,-96.0
1573077858455,-28800000,24.0,-96.0,-17.0,48.0,2.0,-78.0,-17.0,64.0,-60.0,125.0,8.0,32.0,7.0,51.0,-126.0,67.0,-128.0,13.0,93.0,-95.0
1573077858510,-28800000,24.0,71.0,-20.0,-3.0,-3.0,78.0,-12.0,-116.0,-47.0,-53.0,10.0,-86.0,5.0,-6.0,65.0,-34.0,-112.0,11.0,101.0,-94.0
1573077858545,-28800000,24.0,107.0,-21.0,-18.0,-7.0,-5.0,-10.0,-122.0,-34.0,115.0,6.0,72.0,5.0,35.0,-127.0,-105.0,-128.0,9.0,-7.0,-93.0
1573077858590,-28800000,23.0,102.0,-21.0,-18.0,-8.0,76.0,-9.0,-16.0,-27.0,75.0,4.0,38.0,4.0,-111.0,-127.0,104.0,96.0,9.0,25.0,-92.0
1573077858591,-28800000,23.0,-97.0,-19.0,-112.0,-7.0,-90.0,-6.0,-36.0,-23.0,99.0,7.0,94.0,4.0,35.0,65.0,69.0,32.0,8.0,93.0,-91.0
1573077858636,-28800000,21.0,106.0,-23.0,97.0,-14.0,-4.0,-7.0,4.0,-19.0,94.0,10.0,52.0,3.0,-13.0,-127.0,56.0,-96.0,8.0,57.0,-90.0
1573077858698,-28800000,22.0,21.0,-19.0,-123.0,-9.0,109.0,-5.0,-63.0,-5.0,-27.0,2.0,-62.0,3.0,-34.0,-127.0,51.0,80.0,8.0,33.0,-89.0
1573077858725,-28800000,20.0,-123.0,-20.0,27.0,-12.0,-5.0,-6.0,112.0,-10.0,-1.0,8.0,-36.0,3.0,-82.0,1.0,36.0,32.0,7.0,-55.0,-88.0
1573077858768,-28800000,20.0,94.0,-23.0,-6.0,-14.0,65.0,-8.0,67.0,-13.0,-31.0,8.0,-39.0,3.0,122.0,-127.0,19.0,80.0,7.0,-107.0,-87.0
1573077858814,-28800000,18.0,-61.0,-20.0,35.0,-13.0,97.0,-5.0,11.0,-12.0,18.0,5.0,-9.0,3.0,70.0,1.0,2.0,0.0,7.0,61.0,-86.0
1573077858859,-28800000,18.0,-76.0,-22.0,24.0,-16.0,-71.0,-8.0,88.0,-16.0,53.0,9.0,-111.0,3.0,18.0,64.0,-16.0,-80.0,6.0,-11.0,-85.0
1573077858903,-28800000,18.0,-59.0,-23.0,-76.0,-17.0,-11.0,-8.0,1.0,-16.0,60.0,6.0,-42.0,3.0,18.0,64.0,-16.0,-80.0,6.0,-11.0,-84.0
1573077858948,-28800000,17.0,-9.0,-22.0,124.0,-16.0,40.0,-6.0,80.0,-10.0,-29.0,3.0,-29.0,2.0,-28.0,-64.0,-30.0,-80.0,6.0,-79.0,-83.0
1573077858948,-28800000,16.0,-56.0,-22.0,-56.0,-17.0,-34.0,-4.0,-118.0,-6.0,11.0,1.0,78.0,2.0,-58.0,0.0,-40.0,-80.0,6.0,-119.0,-82.0
1573077859010,-28800000,16.0,-64.0,-22.0,110.0,-18.0,-70.0,-2.0,-114.0,-4.0,7.0,-1.0,117.0,2.0,-83.0,0.0,-49.0,-128.0,6.0,109.0,-81.0
1573077859040,-28800000,17.0,-35.0,-22.0,81.0,-18.0,-13.0,2.0,72.0,-1.0,-2.0,-2.0,-78.0,2.0,-90.0,0.0,-52.0,112.0,6.0,85.0,-80.0
1573077859083,-28800000,17.0,-98.0,-22.0,78.0,-17.0,61.0,3.0,-96.0,0.0,0.0,-2.0,111.0,2.0,-92.0,-128.0,-53.0,-80.0,6.0,65.0,-79.0
1573077859129,-28800000,17.0,95.0,-23.0,17.0,-18.0,82.0,4.0,-124.0,2.0,-110.0,-4.0,50.0,2.0,-97.0,-128.0,-55.0,64.0,6.0,45.0,-78.0
1573077859175,-28800000,19.0,17.0,-23.0,115.0,-16.0,117.0,10.0,64.0,19.0,74.0,-14.0,-77.0,2.0,-71.0,-64.0,-45.0,-48.0,6.0,-127.0,-77.0
1573077859219,-28800000,20.0,91.0,-21.0,-59.0,-12.0,81.0,24.0,-10.0,40.0,47.0,-24.0,-9.0,3.0,15.0,-64.0,-12.0,-112.0,7.0,25.0,-76.0
1573077859265,-28800000,21.0,61.0,-20.0,123.0,-9.0,111.0,33.0,-83.0,60.0,110.0,-29.0,3.0,3.0,-73.0,-127.0,54.0,-80.0,8.0,49.0,-75.0
1573077859309,-28800000,26.0,-41.0,-12.0,99.0,6.0,-22.0,33.0,-19.0,73.0,-16.0,-40.0,-114.0,5.0,4.0,-127.0,-60.0,112.0,10.0,-87.0,-74.0
1573077859309,-28800000,28.0,92.0,-13.0,-1.0,8.0,-40.0,17.0,34.0,51.0,-127.0,-32.0,-69.0,6.0,104.0,-62.0,90.0,-48.0,13.0,89.0,-73.0
1573077859354,-28800000,27.0,112.0,-13.0,-58.0,9.0,42.0,11.0,3.0,39.0,-124.0,-22.0,-83.0,7.0,-64.0,2.0,-30.0,16.0,15.0,-15.0,-72.0
1573077859399,-28800000,24.0,116.0,-10.0,-42.0,11.0,33.0,14.0,-1.0,46.0,-39.0,-25.0,112.0,9.0,-106.0,-125.0,-116.0,16.0,19.0,-67.0,-71.0
1573077859444,-28800000,21.0,-5.0,-5.0,127.0,19.0,55.0,20.0,59.0,64.0,-52.0,-33.0,30.0,12.0,69.0,-124.0,111.0,112.0,25.0,-111.0,-70.0
1573077859489,-28800000,18.0,-88.0,-2.0,78.0,22.0,-74.0,13.0,-68.0,66.0,-47.0,-32.0,-81.0,16.0,99.0,-59.0,-87.0,-32.0,33.0,-11.0,-69.0
1573077859533,-28800000,15.0,25.0,-2.0,105.0,28.0,-15.0,-6.0,50.0,72.0,-57.0,-26.0,-75.0,25.0,80.0,-56.0,25.0,64.0,49.0,-15.0,-68.0
1573077859578,-28800000,8.0,96.0,-3.0,114.0,33.0,15.0,-14.0,75.0,70.0,58.0,-21.0,-5.0,41.0,-111.0,76.0,43.0,-48.0,75.0,9.0,-67.0
1573077859626,-28800000,4.0,13.0,-2.0,38.0,30.0,77.0,-7.0,-41.0,40.0,-39.0,-14.0,-118.0,52.0,127.0,78.0,-39.0,-16.0,90.0,-127.0,-66.0
1573077859670,-28800000,0.0,-49.0,-3.0,-119.0,31.0,121.0,-19.0,-61.0,53.0,-80.0,-22.0,-92.0,80.0,26.0,-43.0,-43.0,112.0,-122.0,57.0,-65.0
1573077859670,-28800000,-4.0,-28.0,-4.0,18.0,33.0,96.0,-29.0,108.0,77.0,80.0,-32.0,24.0,-110.0,-5.0,37.0,112.0,0.0,-12.0,-11.0,-64.0
1573077859732,-28800000,-7.0,126.0,-9.0,-37.0,29.0,94.0,-11.0,-84.0,67.0,112.0,-26.0,-124.0,-60.0,14.0,-79.0,68.0,-47.0,61.0,37.0,-63.0
1573077859761,-28800000,-12.0,51.0,-8.0,-105.0,28.0,3.0,-3.0,-23.0,45.0,17.0,-12.0,-11.0,-61.0,45.0,-79.0,16.0,113.0,39.0,117.0,-62.0
1573077859804,-28800000,-18.0,-120.0,-13.0,-88.0,27.0,53.0,-10.0,17.0,53.0,-80.0,-13.0,-25.0,-108.0,81.0,100.0,76.0,-80.0,-48.0,69.0,-61.0
